-- phpMyAdmin SQL Dump
-- version 4.1.12
-- http://www.phpmyadmin.net
--
-- Host: 127.0.0.1
-- Generation Time: Nov 27, 2015 at 11:33 AM
-- Server version: 5.6.16
-- PHP Version: 5.5.11

SET SQL_MODE = "NO_AUTO_VALUE_ON_ZERO";
SET time_zone = "+00:00";


/*!40101 SET @OLD_CHARACTER_SET_CLIENT=@@CHARACTER_SET_CLIENT */;
/*!40101 SET @OLD_CHARACTER_SET_RESULTS=@@CHARACTER_SET_RESULTS */;
/*!40101 SET @OLD_COLLATION_CONNECTION=@@COLLATION_CONNECTION */;
/*!40101 SET NAMES utf8 */;

--
-- Database: `lms`
--

-- --------------------------------------------------------

--
-- Table structure for table `activity_log`
--

CREATE TABLE IF NOT EXISTS `activity_log` (
  `activity_log_id` int(11) NOT NULL AUTO_INCREMENT,
  `username` varchar(100) NOT NULL,
  `date` varchar(100) NOT NULL,
  `action` varchar(100) NOT NULL,
  PRIMARY KEY (`activity_log_id`)
) ENGINE=InnoDB  DEFAULT CHARSET=latin1 AUTO_INCREMENT=19 ;

--
-- Dumping data for table `activity_log`
--

INSERT INTO `activity_log` (`activity_log_id`, `username`, `date`, `action`) VALUES
(1, 'jkev', '2013-11-18 15:25:33', 'Add Subject RIZAL'),
(2, 'jkev', '2013-11-18 15:27:08', 'Edit Subject RIZAL'),
(3, '', '2013-11-18 15:30:46', 'Edit Subject IS 221'),
(4, '', '2013-11-18 15:31:12', 'Edit Subject IS 222'),
(5, '', '2013-11-18 15:31:24', 'Edit Subject IS 223'),
(6, '', '2013-11-18 15:31:34', 'Edit Subject IS 224'),
(7, '', '2013-11-18 15:31:54', 'Edit Subject IS 227'),
(8, '', '2013-11-18 15:32:37', 'Add Subject IS 411B'),
(9, '', '2013-11-18 15:34:54', 'Edit User jkev'),
(10, 'jkev', '2014-01-17 13:26:18', 'Add User admin'),
(11, 'admin', '2015-02-22 06:27:42', 'Add User mffazlan'),
(12, '', '2015-11-18 09:18:30', 'Edit Subject 001'),
(13, '', '2015-11-18 09:18:49', 'Edit Subject 002'),
(14, '', '2015-11-18 09:19:07', 'Edit Subject 003'),
(15, '', '2015-11-18 09:19:44', 'Edit Subject 004'),
(16, '', '2015-11-18 09:20:13', 'Edit Subject AP105'),
(17, '', '2015-11-18 09:20:29', 'Edit Subject TN623'),
(18, 'admin', '2015-11-23 21:10:22', 'Add User admin');

-- --------------------------------------------------------

--
-- Table structure for table `answer`
--

CREATE TABLE IF NOT EXISTS `answer` (
  `answer_id` int(11) NOT NULL AUTO_INCREMENT,
  `quiz_question_id` int(11) NOT NULL,
  `answer_text` varchar(100) NOT NULL,
  `choices` varchar(3) NOT NULL,
  PRIMARY KEY (`answer_id`)
) ENGINE=InnoDB  DEFAULT CHARSET=latin1 AUTO_INCREMENT=101 ;

--
-- Dumping data for table `answer`
--

INSERT INTO `answer` (`answer_id`, `quiz_question_id`, `answer_text`, `choices`) VALUES
(81, 32, 'john', 'A'),
(82, 32, 'smith', 'B'),
(83, 32, 'kevin', 'C'),
(84, 32, 'lorayna', 'D'),
(85, 34, 'Peso', 'A'),
(86, 34, 'PHP Hypertext', 'B'),
(87, 34, 'PHP Hypertext Preprosesor', 'C'),
(88, 34, 'Philippines', 'D'),
(89, 36, '1', 'A'),
(90, 36, '2', 'B'),
(91, 36, '3', 'C'),
(92, 36, '4', 'D'),
(93, 38, 'A', 'A'),
(94, 38, 'B', 'B'),
(95, 38, 'C', 'C'),
(96, 38, 'D', 'D'),
(97, 39, '<br /><b>Notice</b>:  Undefined variable: a in <b>C:xamppSoftxampphtdocslmsedit_question.php</b> on ', 'A'),
(98, 39, '<br /><b>Notice</b>:  Undefined variable: b in <b>C:xamppSoftxampphtdocslmsedit_question.php</b> on ', 'B'),
(99, 39, '<br /><b>Notice</b>:  Undefined variable: c in <b>C:xamppSoftxampphtdocslmsedit_question.php</b> on ', 'C'),
(100, 39, '<br /><b>Notice</b>:  Undefined variable: d in <b>C:xamppSoftxampphtdocslmsedit_question.php</b> on ', 'D');

-- --------------------------------------------------------

--
-- Table structure for table `assignment`
--

CREATE TABLE IF NOT EXISTS `assignment` (
  `assignment_id` int(11) NOT NULL AUTO_INCREMENT,
  `floc` varchar(300) NOT NULL,
  `fdatein` varchar(100) NOT NULL,
  `fdesc` varchar(100) NOT NULL,
  `teacher_id` int(11) NOT NULL,
  `class_id` int(11) NOT NULL,
  `fname` varchar(100) NOT NULL,
  PRIMARY KEY (`assignment_id`)
) ENGINE=InnoDB  DEFAULT CHARSET=latin1 AUTO_INCREMENT=34 ;

--
-- Dumping data for table `assignment`
--

INSERT INTO `assignment` (`assignment_id`, `floc`, `fdatein`, `fdesc`, `teacher_id`, `class_id`, `fname`) VALUES
(2, 'uploads/6843_File_Doc3.docx', '2013-10-11 01:24:32', 'fasfasf', 13, 36, 'Assignment number 1'),
(3, 'uploads/3617_File_login.mdb', '2013-10-28 19:35:28', 'q', 9, 80, 'q'),
(4, 'admin/uploads/7146_File_normalization.ppt', '2013-10-30 18:48:15', 'fsaf', 9, 95, 'fsaf'),
(5, 'admin/uploads/7784_File_ABSTRACT.docx', '2013-10-30 18:48:33', 'fsaf', 9, 95, 'dsaf'),
(6, 'admin/uploads/4536_File_ABSTRACT.docx', '2013-10-30 18:53:32', 'file', 9, 95, 'abstract'),
(10, 'admin/uploads/2209_File_598378_543547629007198_436971088_n.jpg', '2013-11-01 13:13:18', 'fsafasf', 9, 95, 'Assignment#2'),
(11, 'admin/uploads/1511_File_bootstrap.css', '2013-11-01 13:18:25', 'sdsa', 9, 95, 'css'),
(12, 'admin/uploads/4309_File_new  2.txt', '2013-11-17 23:21:46', 'test', 12, 145, 'test'),
(13, 'admin/uploads/5901_File_IS 112-Personal Productivity Using IS.doc', '2013-11-18 16:59:35', 'q', 12, 145, 'q'),
(15, 'admin/uploads/7077_File_win_boot_screen_16_9_by_medi_dadu-d4s7dc1.gif', '2013-11-25 10:38:45', 'afs', 18, 159, 'dasf'),
(16, 'admin/uploads/8470_File_win_boot_screen_16_9_by_medi_dadu-d4s7dc1.gif', '2013-11-25 10:39:19', 'test', 18, 160, 'assign1'),
(17, 'admin/uploads/2840_File_IMG_0698.jpg', '2013-11-25 15:53:20', 'q', 12, 161, 'q'),
(19, '', '2013-12-07 20:11:39', 'kevin test', 12, 162, ''),
(20, '', '2013-12-07 20:26:43', 'dasddsd', 12, 145, ''),
(21, '', '2013-12-07 20:26:43', 'dasddsd', 12, 162, ''),
(22, '', '2013-12-07 20:27:18', 'dasffsafsaf', 12, 162, ''),
(23, '', '2013-12-07 20:33:11', 'test', 12, 162, ''),
(24, 'admin/uploads/7053_File_win_boot_screen_16_9_by_medi_dadu-d4s7dc1.gif', '2013-12-07 20:39:05', 'kevin', 12, 0, 'kevin'),
(25, 'admin/uploads/2417_File_win_boot_screen_16_9_by_medi_dadu-d4s7dc1.gif', '2013-12-07 20:41:10', 'kevin', 12, 0, 'kevin'),
(26, 'admin/uploads/8095_File_win_boot_screen_16_9_by_medi_dadu-d4s7dc1.gif', '2013-12-07 20:43:25', 'kevin', 12, 0, 'kevin'),
(27, 'admin/uploads/4089_File_win_boot_screen_16_9_by_medi_dadu-d4s7dc1.gif', '2013-12-07 20:47:48', 'fasfafaf', 12, 0, 'fasf'),
(28, 'admin/uploads/2948_File_win_boot_screen_16_9_by_medi_dadu-d4s7dc1.gif', '2013-12-07 20:48:59', 'dasdasd', 12, 0, 'dasd'),
(29, 'admin/uploads/5971_File_win_boot_screen_16_9_by_medi_dadu-d4s7dc1.gif', '2013-12-07 20:50:47', 'dasdasd', 12, 0, 'dsad'),
(30, 'admin/uploads/6926_File_Resume.docx', '2014-02-13 11:27:59', 'q', 12, 167, 'q'),
(31, 'admin/uploads/8000_File_5abe6713c654d5c52558f07ae337cf38.jpg', '2015-05-24 23:31:09', 'complete your ASE Assignment', 21, 189, 'ASE Assignment'),
(32, 'admin/uploads/8784_File_10671235_679604208818455_3192036213499359417_n.jpg', '2015-05-24 23:31:51', 'AD Assignment', 21, 189, 'AD Assignment'),
(33, 'admin/uploads/7757_File_3163954060.jpg', '2015-05-25 21:03:05', 'ASDA', 21, 190, 'aSD');

-- --------------------------------------------------------

--
-- Table structure for table `class`
--

CREATE TABLE IF NOT EXISTS `class` (
  `class_id` int(11) NOT NULL AUTO_INCREMENT,
  `class_name` varchar(100) NOT NULL,
  PRIMARY KEY (`class_id`)
) ENGINE=InnoDB  DEFAULT CHARSET=latin1 AUTO_INCREMENT=30 ;

--
-- Dumping data for table `class`
--

INSERT INTO `class` (`class_id`, `class_name`) VALUES
(7, '9C'),
(8, '10A'),
(12, '8C'),
(13, '9A'),
(14, '9B'),
(15, '7C'),
(16, '8A'),
(17, '8B'),
(18, '6C'),
(19, '7A'),
(20, '7B'),
(21, '6B'),
(22, '6A'),
(23, '10B'),
(24, '10C'),
(25, '11A'),
(26, '11B'),
(27, '11C'),
(28, '12A'),
(29, '12B');

-- --------------------------------------------------------

--
-- Table structure for table `class_quiz`
--

CREATE TABLE IF NOT EXISTS `class_quiz` (
  `class_quiz_id` int(11) NOT NULL AUTO_INCREMENT,
  `teacher_class_id` int(11) NOT NULL,
  `quiz_time` int(11) NOT NULL,
  `quiz_id` int(11) NOT NULL,
  PRIMARY KEY (`class_quiz_id`)
) ENGINE=InnoDB  DEFAULT CHARSET=latin1 AUTO_INCREMENT=18 ;

--
-- Dumping data for table `class_quiz`
--

INSERT INTO `class_quiz` (`class_quiz_id`, `teacher_class_id`, `quiz_time`, `quiz_id`) VALUES
(13, 167, 3600, 3),
(14, 167, 3600, 3),
(15, 167, 1800, 3),
(16, 185, 900, 0),
(17, 189, 300, 6);

-- --------------------------------------------------------

--
-- Table structure for table `class_subject_overview`
--

CREATE TABLE IF NOT EXISTS `class_subject_overview` (
  `class_subject_overview_id` int(11) NOT NULL AUTO_INCREMENT,
  `teacher_class_id` int(11) NOT NULL,
  `content` varchar(10000) NOT NULL,
  PRIMARY KEY (`class_subject_overview_id`)
) ENGINE=InnoDB  DEFAULT CHARSET=latin1 AUTO_INCREMENT=4 ;

--
-- Dumping data for table `class_subject_overview`
--

INSERT INTO `class_subject_overview` (`class_subject_overview_id`, `teacher_class_id`, `content`) VALUES
(1, 167, '<p>Chapter&nbsp; 1</p>\r\n\r\n<p>Cha</p>\r\n'),
(2, 189, '<p><span style="color:rgb(37, 37, 37); font-family:sans-serif; font-size:14px">Most physical libraries that store solid media, such as books, articles, film, and other artifacts, adhere to some derivative of the&nbsp;</span><a href="http://en.wikipedia.org/wiki/Dewey_Decimal_Classification" style="text-decoration: none; color: rgb(11, 0, 128); background-image: none; font-family: sans-serif; font-size: 14px; line-height: 22px;" title="Dewey Decimal Classification">Dewey Decimal System</a><span style="color:rgb(37, 37, 37); font-family:sans-serif; font-size:14px">&nbsp;as their method for tagging, storing, and retrieving artifacts based on unique identifiers.</span><sup><a href="http://en.wikipedia.org/wiki/Library_management#cite_note-Dewey1-3" style="text-decoration: none; color: rgb(11, 0, 128); background-image: none; white-space: nowrap; background-position: initial initial; background-repeat: initial initial;">[3]</a></sup><span style="color:rgb(37, 37, 37); font-family:sans-serif; font-size:14px">&nbsp;The use of such systems have caused librarians to develop and leverage common constructs that act as tools for both librarians, and users of libraries. These constructs include:</span></p>\r\n'),
(3, 190, '<p style="text-align: justify;"><strong>Lorem Ipsum</strong><span style="color:rgb(0, 0, 0); font-family:arial,helvetica,sans; font-size:11px">&nbsp;is simply dummy text of the printing and typesetting industry. Lorem Ipsum has been the industry&#39;s standard dummy text ever since the 1500s, when an unknown printer took a galley of type and scrambled it to make a type specimen book. It has survived not only five centuries, but also the leap into electronic typesetting, remaining essentially unchanged. It was popularised in the 1960s with the release of Letraset sheets containing Lorem Ipsum passages, and more recently with desktop publishing software like Aldus PageMaker including versions of Lorem Ipsum.</span></p>\r\n');

-- --------------------------------------------------------

--
-- Table structure for table `content`
--

CREATE TABLE IF NOT EXISTS `content` (
  `content_id` int(11) NOT NULL AUTO_INCREMENT,
  `title` varchar(100) NOT NULL,
  `content` mediumtext NOT NULL,
  PRIMARY KEY (`content_id`)
) ENGINE=InnoDB  DEFAULT CHARSET=latin1 AUTO_INCREMENT=15 ;

--
-- Dumping data for table `content`
--

INSERT INTO `content` (`content_id`, `title`, `content`) VALUES
(1, 'Mission', '<pre>\r\n<span style="font-size:16px"><strong>Mission</strong></span></pre>\r\n\r\n<p style="text-align:left"><span style="font-family:arial,helvetica,sans-serif; font-size:medium"><span style="font-size:large">&nbsp; &nbsp; &nbsp; &nbsp; &nbsp; &nbsp; &nbsp;</span></span>&nbsp; &nbsp;<span style="font-size:18px"> &nbsp; &nbsp; &nbsp; &nbsp; &nbsp; &nbsp; &nbsp; &nbsp; A leading institution in higher and continuing education commited to engage in quality instruction, development-oriented research sustinable lucrative economic enterprise, and responsive extension and training services through relevant academic programs to empower a human resource that responds effectively to challenges in life and acts as catalyst in the holistoic development of a humane society.&nbsp;</span></p>\r\n\r\n<p style="text-align:left">&nbsp;</p>\r\n'),
(2, 'Vision', '<pre><span style="font-size: large;"><strong>Vision</strong></span></pre>\r\n<p>&nbsp;&nbsp;&nbsp;&nbsp;&nbsp;&nbsp;&nbsp;&nbsp;&nbsp;&nbsp;&nbsp;&nbsp;&nbsp;<span style="font-size: large;">&nbsp; Driven by its passion for continous improvement, the State College has to vigorously pursue distinction and proficieny in delivering its statutory functions to the Filipino people in the fields of education, business, agro-fishery, industrial, science and technology, through committed and competent human resource, guided by the beacon of innovation and productivity towards the heights of elevated status. </span><br /><br /></p>'),
(3, 'History', '<pre><span style="font-size: large;">HISTORY &nbsp;</span> </pre>\r\n<p style="text-align: justify;">&nbsp;&nbsp;&nbsp;&nbsp;&nbsp;&nbsp;&nbsp;&nbsp;&nbsp;&nbsp;&nbsp; Carlos Hilado Memorial State College, formerly Paglaum State College, is a public educational institution that aims to provide higher technological, professional and vocational instruction and training in science, agriculture and industrial fields as well as short term or vocational courses. It was Batas Pambansa Bilang 477 which integrated these three institutions of learning: the Negros Occidental College of Arts and Trades (NOCAT) in the Municipality of Talisay, Bacolod City National Trade School (BCNTS) in Alijis, Bacolod City, and the Negros Occidental Provincial Community College (NOPCC) in Bacolod City, into a tertiary state educational institution to be called Paglaum State College. Approved in 1983, the College Charter was implemented effective January 1, 1984, with Mr. Sulpicio P. Cartera as its President. The administrative seat of the first state college in Negros Occidental is located at the Talisay Campus which was originally established as Negros Occidental School of Arts and Trades (NOSAT) under R.A. 848, authored and sponsored by Hon. Carlos Hilado. It occupies a five-hectare land donated by the provincial government under Provincial Board Resolution No. 1163. The renaming of the college to Carlos Hilado Memorial State College was effected by virtue of House Bill No. 7707 authored by then Congressman Jose Carlos V. Lacson of the 3rd Congressional District, Province of Negros Occidental, and which finally became a law on May 5, 1994</p>\r\n<p style="text-align: justify;">&nbsp;</p>\r\n<p style="text-align: justify;">&nbsp;&nbsp;&nbsp; Talisay Campus. July 1, 1954 marked the formal opening of NOSAT with Mr. Francisco Apilado as its first Superintendent and Mr. Gil H. Tenefrancia as Principal. There were five (5) full time teachers, with an initial enrolment of eighty-nine (89) secondary and trade technical students. The shop courses were General Metal Works, Practical Electricity and Woodworking. The first classes were held temporarily at Talisay Elementary School while the shop buildings and classrooms were under construction. NOSAT was a recipient of FOA-PHILCUA aid in terms of technical books, equipment, tools and machinery. Alijis Campus. The Alijis Campus of the Carlos Hilado Memorial State College is situated in a 5-hectare lot located at Barangay Alijis, Bacolod City. The lot was a donation of the late Dr. Antonio Lizares. The school was formerly established as the Bacolod City National Trade School. The establishment of this trade technical institution is pursuant to R.A. 3886 in 1968, authored by the late Congressman Inocencio V. Ferrer of the second congressional district of the Province of Negros Occidental. Fortune Towne. The Fortune Towne Campus of the Carlos Hilado Memorial State College was originally situated in Negros Occidental High School (NOHS), Bacolod City on a lot owned by the Provincial Government under Provincial Board Resolution No. 91 series of 1970. The school was formerly established as the Negros Occidental Provincial Community College and formally opened on July 13, 1970 with the following course offerings: Bachelor of Arts, Technical Education and Bachelor of Commerce. The initial operation of the school started in July 13, 1970, with an initial enrolment of 209 students. Classes were first housed at the Negros Occidental High School while the first building was constructed. Then Governor Alfredo L. Montelibano spearheaded the first operation of the NOPCC along with the members of the Board of Trustees. In June 1995, the campus transferred to its new site in Fortune Towne, Bacolod City. Binalbagan Campus. On Nov. 24, 2000, the Negros Occidental School of Fisheries (NOSOF) in Binalbagan, Negros Occidental was integrated to the Carlos Hilado Memorial State College system as an external campus by virtue of Resolution No. 46 series of 2000.</p>'),
(4, 'Footer', '<p style="text-align:center">CHMSC Online Learning Managenment System</p>\r\n\r\n<p style="text-align:center">All Rights Reserved &reg;2013</p>\r\n'),
(5, 'Upcoming Events', '<pre>\r\nUP COMING EVENTS</pre>\r\n\r\n<p><strong>&gt;</strong> EXAM</p>\r\n\r\n<p><strong>&gt;</strong> INTERCAMPUS MEET</p>\r\n\r\n<p><strong>&gt;</strong> DEFENSE</p>\r\n\r\n<p><strong>&gt;</strong> ENROLLMENT</p>\r\n\r\n<p>&nbsp;</p>\r\n'),
(6, 'Title', '<p><span style="font-family:trebuchet ms,geneva">CHMSC Online Learning Management System</span></p>\r\n'),
(7, 'News', '<pre>\r\n<span style="font-size:medium"><em><strong>Recent News\r\n</strong></em></span></pre>\r\n\r\n<h2><span style="font-size:small">Extension and Community Services</span></h2>\r\n\r\n<p style="text-align:justify">This technology package was promoted by the College of Industrial Technology Unit is an index to offer Practical Skills and Livelihood Training Program particularly to the Ina ngTahanan of Tayabas, Barangay Zone 15, Talisay City, Negros Occidental</p>\r\n\r\n<p style="text-align:justify">The respondent of this technology package were mostly &ldquo;ina&rdquo; or mothers in PurokTayabas. There were twenty mothers who responded to the call of training and enhancing their sewing skills. The beginners projects include an apron, elastics waist skirts, pillow-cover and t-shirt style top. Short sleeve blouses with buttonholes or contoured seaming are also some of the many projects introduced to the mothers. Based on the interview conducted after the culmination activity, the projects done contributed as a means of earning to the respondents.</p>\r\n\r\n<p style="text-align:justify">&nbsp; &nbsp; &nbsp; &nbsp; &nbsp; In support to the thrust of the government to improve the health status of neighboring barangays, the Faculty and Staff of CHMSC ECS Fortune Towne, Bacolod City, launched its Medical Mission in Patag, Silay City. It was conducted last March 2010, to address the health needs of the people. A medical consultation is given to the residents of SitioPatag to attend to their health related problems that may need medical treatment. Medical tablets for headache, flu, fever, antibiotics and others were availed by the residents.</p>\r\n\r\n<p style="text-align:justify">&nbsp;</p>\r\n\r\n<p style="text-align:justify">&nbsp;The BAYAN-ANIHAN is a Food Production Program with a battle cry of &ldquo;GOODBYE GUTOM&rdquo;, advocating its legacy &ldquo;Food on the Table for every Filipino Family&rdquo; through backyard gardening. NGO&rsquo;s, governmental organizations, private and public sectors, business sectors are the cooperating agencies that support and facilitate this project and Carlos Hilado Memorial State College (CHMSC) is one of the identified partner school. Being a member institution in advocating its thrust, the school through its Extension and Community Services had conducted capability training workshop along this program identifying two deputy coordinators and trainers last November 26,27 and 28, 2009, with the end in view of implementing the project all throughout the neighboring towns, provinces and regions to help address poverty in the country. Program beneficiaries were the selected families of GawadKalinga (GK) in Hope Village, Brgy. Cabatangan, Talisay City, with 120 families beneficiaries; GK FIAT Village in Silay City with 30 beneficiaries; Bonbon Dream Village brgy. E. Lopez, Silay City with 60 beneficiaries; and respectively Had. Teresita and Had. Carmen in Talisay City, Negros Occidental both with 60 member beneficiaries. This program was introduced to 30 household members with the end in view of alleviating the quality standards of their living.</p>\r\n\r\n<p style="text-align:justify">&nbsp;</p>\r\n\r\n<p style="text-align:justify">The extension &amp; Community Services of the College conducted a series of consultations and meetings with the different local government units to assess technology needs to determines potential products to be developed considering the abundance of raw materials in their respective areas and their product marketability. The project was released in November 2009 in six cities in the province of Negros Occidental, namely San Carlos, Sagay, Silay, Bago, Himamaylan and Sipalay and the Municipality of E. B Magalona</p>\r\n\r\n<p style="text-align:justify">&nbsp; &nbsp; &nbsp; &nbsp; &nbsp; The City of San Carlos focused on peanut and fish processing. Sagay and bago focused on meat processing, while Silay City on fish processing. The City of Himamaylan is on sardines, and in Sipalay focused on fish processing specially on their famous BARONGAY product. The municipality of E.B Magalona focused on bangus deboning.</p>\r\n\r\n<p style="text-align:justify">&nbsp;</p>\r\n\r\n<p style="text-align:justify">&nbsp; &nbsp; &nbsp; &nbsp; &nbsp; The food technology instructors are tasked to provide the needed skills along with the TLDC Livelihood project that each City is embarking on while the local government units provide the training venue for the project and the training equipment and machine were provided by the Department of Science and Technology.</p>\r\n\r\n<p style="text-align:justify">&nbsp;</p>\r\n'),
(8, 'Announcements', '<pre>\r\n<span style="font-size:medium"><em><strong>Announcements</strong></em></span></pre>\r\n\r\n<p>Examination Period: October 9-11, 2013</p>\r\n\r\n<p>Semestrial Break: October 12- November 3, 2013</p>\r\n\r\n<p>FASKFJASKFAFASFMFAS</p>\r\n\r\n<p>GASGA</p>\r\n'),
(10, 'Calendar', '<pre style="text-align:center">\r\n<span style="font-size:medium"><strong>&nbsp;CALENDAR OF EVENT</strong></span></pre>\r\n\r\n<table align="center" cellpadding="0" cellspacing="0" style="line-height:1.6em; margin-left:auto; margin-right:auto">\r\n	<tbody>\r\n		<tr>\r\n			<td>\r\n			<p>First Semester &nbsp; &nbsp; &nbsp; &nbsp; &nbsp; &nbsp; &nbsp; &nbsp; &nbsp; &nbsp; &nbsp; &nbsp; &nbsp; &nbsp; &nbsp; &nbsp; &nbsp; &nbsp; &nbsp; &nbsp; &nbsp; &nbsp; &nbsp; &nbsp; &nbsp; &nbsp; &nbsp; &nbsp; &nbsp; &nbsp; &nbsp; &nbsp; &nbsp;</p>\r\n			</td>\r\n			<td>\r\n			<p>June 10, 2013 to October 11, 2013&nbsp;</p>\r\n			</td>\r\n		</tr>\r\n		<tr>\r\n			<td>\r\n			<p>Semestral Break</p>\r\n			</td>\r\n			<td>\r\n			<p>Oct. 12, 2013 to November 3, 2013</p>\r\n			</td>\r\n		</tr>\r\n		<tr>\r\n			<td>\r\n			<p>Second Semester</p>\r\n			</td>\r\n			<td>\r\n			<p>Nov. 5, 2013 to March 27, 2014</p>\r\n			</td>\r\n		</tr>\r\n		<tr>\r\n			<td>\r\n			<p>Summer Break</p>\r\n			</td>\r\n			<td>\r\n			<p>March 27, 2014 to April 8, 2014</p>\r\n			</td>\r\n		</tr>\r\n		<tr>\r\n			<td>\r\n			<p>Summer</p>\r\n			</td>\r\n			<td>\r\n			<p>April 8 , 2014 to May 24, 2014</p>\r\n			</td>\r\n		</tr>\r\n	</tbody>\r\n</table>\r\n\r\n<p style="text-align:center">&nbsp;</p>\r\n\r\n<table cellpadding="0" cellspacing="0" style="line-height:1.6em; margin-left:auto; margin-right:auto">\r\n	<tbody>\r\n		<tr>\r\n			<td colspan="4">\r\n			<p><strong>June 5, 2013 to October 11, 2013 &ndash; First Semester AY 2013-2014</strong></p>\r\n			</td>\r\n		</tr>\r\n		<tr>\r\n			<td>\r\n			<p>June 4, 2013 &nbsp; &nbsp; &nbsp; &nbsp;</p>\r\n			</td>\r\n			<td>\r\n			<p>Orientation with the Parents of the College&nbsp;Freshmen</p>\r\n			</td>\r\n		</tr>\r\n		<tr>\r\n			<td>\r\n			<p>June 5</p>\r\n			</td>\r\n			<td>\r\n			<p>First Day of Service</p>\r\n			</td>\r\n		</tr>\r\n		<tr>\r\n			<td>\r\n			<p>June 5</p>\r\n			</td>\r\n			<td>\r\n			<p>College Personnel General Assembly</p>\r\n			</td>\r\n		</tr>\r\n		<tr>\r\n			<td>\r\n			<p>June 6,7</p>\r\n			</td>\r\n			<td>\r\n			<p>In-Service Training (Departmental)</p>\r\n			</td>\r\n		</tr>\r\n		<tr>\r\n			<td>\r\n			<p>June 10</p>\r\n			</td>\r\n			<td>\r\n			<p>First Day of Classes</p>\r\n			</td>\r\n		</tr>\r\n		<tr>\r\n			<td>\r\n			<p>June 14</p>\r\n			</td>\r\n			<td>\r\n			<p>Orientation with Students by College/Campus/Department</p>\r\n			</td>\r\n		</tr>\r\n		<tr>\r\n			<td>\r\n			<p>June 19,20,21</p>\r\n			</td>\r\n			<td>\r\n			<p>Branch/Campus Visit for Administrative / Academic/Accreditation/ Concerns</p>\r\n			</td>\r\n		</tr>\r\n		<tr>\r\n			<td rowspan="2">\r\n			<p>June</p>\r\n			</td>\r\n			<td>\r\n			<p>Club Organizations (By Discipline/Programs)</p>\r\n			</td>\r\n		</tr>\r\n		<tr>\r\n			<td>\r\n			<p>Student Affiliation/Induction Programs</p>\r\n			</td>\r\n		</tr>\r\n		<tr>\r\n			<td>\r\n			<p>July</p>\r\n			</td>\r\n			<td>\r\n			<p>Nutrition Month (Sponsor: Laboratory School)</p>\r\n			</td>\r\n		</tr>\r\n		<tr>\r\n			<td>\r\n			<p>July 11, 12</p>\r\n			</td>\r\n			<td>\r\n			<p>Long Tests</p>\r\n			</td>\r\n		</tr>\r\n		<tr>\r\n			<td>\r\n			<p>August&nbsp; 8, 9</p>\r\n			</td>\r\n			<td>\r\n			<p>Midterm Examinations</p>\r\n			</td>\r\n		</tr>\r\n		<tr>\r\n			<td>\r\n			<p>August 19</p>\r\n			</td>\r\n			<td>\r\n			<p>ArawngLahi</p>\r\n			</td>\r\n		</tr>\r\n		<tr>\r\n			<td>\r\n			<p>August 23</p>\r\n			</td>\r\n			<td>\r\n			<p>Submission of Grade Sheets for Midterm</p>\r\n			</td>\r\n		</tr>\r\n		<tr>\r\n			<td>\r\n			<p>August</p>\r\n			</td>\r\n			<td>\r\n			<p>Recognition Program (Dean&rsquo;s List)</p>\r\n			</td>\r\n		</tr>\r\n		<tr>\r\n			<td>\r\n			<p>August 26</p>\r\n			</td>\r\n			<td>\r\n			<p>National Heroes Day (Regular Holiday)</p>\r\n			</td>\r\n		</tr>\r\n		<tr>\r\n			<td>\r\n			<p>August 28, 29, 30</p>\r\n			</td>\r\n			<td>\r\n			<p>Sports and Cultural Meet</p>\r\n			</td>\r\n		</tr>\r\n		<tr>\r\n			<td>\r\n			<p>September 19,20</p>\r\n			</td>\r\n			<td>\r\n			<p>Long Tests</p>\r\n			</td>\r\n		</tr>\r\n		<tr>\r\n			<td>\r\n			<p>October 5</p>\r\n			</td>\r\n			<td>\r\n			<p>Teachers&rsquo; Day / World Teachers&rsquo; Day</p>\r\n			</td>\r\n		</tr>\r\n		<tr>\r\n			<td>\r\n			<p>October 10, 11</p>\r\n			</td>\r\n			<td>\r\n			<p>Final Examination</p>\r\n			</td>\r\n		</tr>\r\n		<tr>\r\n			<td>\r\n			<p>October 12</p>\r\n			</td>\r\n			<td>\r\n			<p>Semestral Break</p>\r\n			</td>\r\n		</tr>\r\n	</tbody>\r\n</table>\r\n\r\n<p style="text-align:center">&nbsp;</p>\r\n\r\n<table cellpadding="0" cellspacing="0" style="margin-left:auto; margin-right:auto">\r\n	<tbody>\r\n		<tr>\r\n			<td colspan="4">\r\n			<p><strong>Nov. 4, 2013 to March 27, 2014 &ndash; Second Semester AY 2013-2014</strong></p>\r\n			</td>\r\n		</tr>\r\n		<tr>\r\n			<td>\r\n			<p>November 4 &nbsp; &nbsp; &nbsp; &nbsp; &nbsp; &nbsp; &nbsp; &nbsp; &nbsp; &nbsp; &nbsp; &nbsp; &nbsp; &nbsp; &nbsp; &nbsp; &nbsp; &nbsp; &nbsp; &nbsp; &nbsp; &nbsp; &nbsp;</p>\r\n			</td>\r\n			<td>\r\n			<p>Start of Classes</p>\r\n			</td>\r\n		</tr>\r\n		<tr>\r\n			<td>\r\n			<p>November 19, 20, 21, 22</p>\r\n			</td>\r\n			<td>\r\n			<p>Intercampus Sports and Cultural Fest/College Week</p>\r\n			</td>\r\n		</tr>\r\n		<tr>\r\n			<td>\r\n			<p>December 5, 6</p>\r\n			</td>\r\n			<td>\r\n			<p>Long Tests</p>\r\n			</td>\r\n		</tr>\r\n		<tr>\r\n			<td>\r\n			<p>December 19,20</p>\r\n			</td>\r\n			<td>\r\n			<p>Thanksgiving Celebrations</p>\r\n			</td>\r\n		</tr>\r\n		<tr>\r\n			<td>\r\n			<p>December 21</p>\r\n			</td>\r\n			<td>\r\n			<p>Start of Christmas Vacation</p>\r\n			</td>\r\n		</tr>\r\n		<tr>\r\n			<td>\r\n			<p>December 25</p>\r\n			</td>\r\n			<td>\r\n			<p>Christmas Day (Regular Holiday)</p>\r\n			</td>\r\n		</tr>\r\n		<tr>\r\n			<td>\r\n			<p>December 30</p>\r\n			</td>\r\n			<td>\r\n			<p>Rizal Day (Regular Holiday)</p>\r\n			</td>\r\n		</tr>\r\n		<tr>\r\n			<td>\r\n			<p>January 6, 2014</p>\r\n			</td>\r\n			<td>\r\n			<p>Classes Resume</p>\r\n			</td>\r\n		</tr>\r\n		<tr>\r\n			<td>\r\n			<p>January 9, 10</p>\r\n			</td>\r\n			<td>\r\n			<p>Midterm Examinations</p>\r\n			</td>\r\n		</tr>\r\n		<tr>\r\n			<td>\r\n			<p>January 29</p>\r\n			</td>\r\n			<td>\r\n			<p>Submission of Grades Sheets for Midterm</p>\r\n			</td>\r\n		</tr>\r\n		<tr>\r\n			<td>\r\n			<p>February 13, 14</p>\r\n			</td>\r\n			<td>\r\n			<p>Long Tests</p>\r\n			</td>\r\n		</tr>\r\n		<tr>\r\n			<td>\r\n			<p>March 6, 7</p>\r\n			</td>\r\n			<td>\r\n			<p>Final Examinations (Graduating)</p>\r\n			</td>\r\n		</tr>\r\n		<tr>\r\n			<td>\r\n			<p>March 13, 14</p>\r\n			</td>\r\n			<td>\r\n			<p>Final Examinations (Non-Graduating)</p>\r\n			</td>\r\n		</tr>\r\n		<tr>\r\n			<td>\r\n			<p>March 17, 18, 19, 20, 21</p>\r\n			</td>\r\n			<td>\r\n			<p>Recognition / Graduation Rites</p>\r\n			</td>\r\n		</tr>\r\n		<tr>\r\n			<td>\r\n			<p>March 27</p>\r\n			</td>\r\n			<td>\r\n			<p>Last Day of Service for Faculty</p>\r\n			</td>\r\n		</tr>\r\n		<tr>\r\n			<td>\r\n			<p>June 5, 2014</p>\r\n			</td>\r\n			<td>\r\n			<p>First Day of Service for SY 2014-2015</p>\r\n			</td>\r\n		</tr>\r\n	</tbody>\r\n</table>\r\n\r\n<p style="text-align:center">&nbsp;</p>\r\n\r\n<table border="1" cellpadding="0" cellspacing="0" style="margin-left:auto; margin-right:auto">\r\n	<tbody>\r\n		<tr>\r\n			<td colspan="2">\r\n			<p><strong>FLAG RAISING CEREMONY-TALISAY CAMPUS</strong></p>\r\n			</td>\r\n		</tr>\r\n		<tr>\r\n			<td>\r\n			<p>MONTHS &nbsp; &nbsp; &nbsp; &nbsp; &nbsp; &nbsp; &nbsp; &nbsp; &nbsp; &nbsp; &nbsp; &nbsp; &nbsp; &nbsp; &nbsp; &nbsp; &nbsp; &nbsp; &nbsp; &nbsp; &nbsp; &nbsp; &nbsp; &nbsp; &nbsp; &nbsp; &nbsp; &nbsp; &nbsp; &nbsp; &nbsp; &nbsp; &nbsp; &nbsp; &nbsp; &nbsp; &nbsp; &nbsp; &nbsp; &nbsp; &nbsp; &nbsp; &nbsp; &nbsp; &nbsp; &nbsp; &nbsp; &nbsp; &nbsp; &nbsp;&nbsp;</p>\r\n			</td>\r\n			<td>\r\n			<p>UNIT-IN-CHARGE</p>\r\n			</td>\r\n		</tr>\r\n		<tr>\r\n			<td>\r\n			<p>June, Sept. and Dec. 2013, March 2014</p>\r\n			</td>\r\n			<td>\r\n			<p>COE</p>\r\n			</td>\r\n		</tr>\r\n		<tr>\r\n			<td>\r\n			<p>July and October 2013, Jan. 2014</p>\r\n			</td>\r\n			<td>\r\n			<p>SAS</p>\r\n			</td>\r\n		</tr>\r\n		<tr>\r\n			<td>\r\n			<p>August and November 2013, Feb. 2014</p>\r\n\r\n			<p>April and May 2014</p>\r\n			</td>\r\n			<td>\r\n			<p>CIT</p>\r\n\r\n			<p>GASS</p>\r\n			</td>\r\n		</tr>\r\n	</tbody>\r\n</table>\r\n'),
(11, 'Directories', '<div class="jsn-article-content" style="text-align: left;">\r\n<pre>\r\n<span style="font-size:medium"><em><strong>DIRECTORIES</strong></em></span></pre>\r\n\r\n<ul>\r\n	<li>Lab School - 712-0848</li>\r\n	<li>Accounting - 495-5560</li>\r\n	<li>Presidents Office - 495-4064(telefax)</li>\r\n	<li>VPA/PME - 495-1635</li>\r\n	<li>Registrar Office - 495-4657(telefax)</li>\r\n	<li>Cashier - 712-7272</li>\r\n	<li>CIT - 712-0670</li>\r\n	<li>SAS/COE - 495-6017</li>\r\n	<li>BAC - 712-8404(telefax)</li>\r\n	<li>Records - 495-3470</li>\r\n	<li>Supply - 495-3767</li>\r\n	<li>Internet Lab - 712-6144/712-6459</li>\r\n	<li>COA - 495-5748</li>\r\n	<li>Guard House - 476-1600</li>\r\n	<li>HRM - 495-4996</li>\r\n	<li>Extension - 457-2819</li>\r\n	<li>Canteen - 495-5396</li>\r\n	<li>Research - 712-8464</li>\r\n	<li>Library - 495-5143</li>\r\n	<li>OSA - 495-1152</li>\r\n</ul>\r\n</div>\r\n'),
(12, 'president', '<p>It is my great pleasure and privilege to welcome you to CHMSC&rsquo;s official website. Accept my deep appreciation for continuously taking interest in CHMSC and its programs and activities.<br /> Recently, the challenges of the knowledge era of the 21st Century led me to think very deeply how educational institutions of higher learning must vigorously pursue relevant e<img style="float: left;" src="images/president.jpg" alt="" />ducation to compete with and respond to the challenges of globalization. As an international fellow, I realized that in the face of this globalization and technological advancement, educational institutions are compelled to work extraordinary in educating the youths and enhancing their potentials for gainful employment and realization of their dreams to become effective citizens.<br /><br /> Honored and humbled to be given the opportunity for stewardship of this good College, I am fully aware that the goal is to make CHMSC as the center of excellence or development in various fields. The vision, CHMSC ExCELS: Excellence, Competence and Educational Leadership in Science and Technology is a profound battle cry for each member of CHMSC Community. A CHMSCian must be technologically and academically competent, socially mature, safety conscious with care for the environment, a good citizen and possesses high moral values. The way the College is being managed, the internal and the external culture of all stockholders, and the efforts for quality and excellence will result to the establishment of the good corporate image of the College. The hallmark is reflected as the image of the good institution.<br /><br /> The tasks at hand call for our full cooperation, support and active participation. Therefore, I urge everyone to help me in the crusade to <br /><br /></p>\r\n<p style="text-align: justify;"><span style="line-height: 1.3em;">Provide wider access to CHMSC programs;</span></p>\r\n<p style="text-align: justify;"><span style="line-height: 1.3em;">&nbsp; &nbsp; &nbsp; &nbsp; &nbsp; &nbsp; &nbsp; &nbsp;* Harness the potentials of students thru effective teaching and learning methodologies and techniques;</span></p>\r\n<p style="text-align: justify;"><span style="line-height: 1.3em;">&nbsp; &nbsp; &nbsp; &nbsp; &nbsp; &nbsp; &nbsp; &nbsp;* Enable CHMSC Environment for All through secure green campus;</span></p>\r\n<p style="text-align: justify;"><span style="line-height: 1.3em;">&nbsp; &nbsp; &nbsp; &nbsp; &nbsp; &nbsp; &nbsp; &nbsp;* Advocate green movement, protect intellectual property and stimulate innovation;</span></p>\r\n<p style="text-align: justify;"><span style="line-height: 1.3em;">&nbsp; &nbsp; &nbsp; &nbsp; &nbsp; &nbsp; &nbsp; &nbsp;* Promote lifelong learning;</span></p>\r\n<p style="text-align: justify;"><span style="line-height: 1.3em;">&nbsp; &nbsp; &nbsp; &nbsp; &nbsp; &nbsp; &nbsp; &nbsp;* Conduct Research and Development for community and poverty alleviation;</span></p>\r\n<p style="text-align: justify;"><span style="line-height: 1.3em;">&nbsp; &nbsp; &nbsp; &nbsp; &nbsp; &nbsp; &nbsp; &nbsp;* Share and disseminate knowledge through publication and extension outreach to communities; and</span></p>\r\n<p style="text-align: justify;"><span style="line-height: 1.3em;">&nbsp; &nbsp; &nbsp; &nbsp; &nbsp; &nbsp; &nbsp; &nbsp;*Strengthen Institute-industry linkages and public-private partnership for mutual interest.</span></p>\r\n<p style="text-align: justify;"><br /><span style="line-height: 1.3em; text-align: justify;">Together, WE can make CHMSC</span></p>\r\n<p style="text-align: justify;"><br /><span style="line-height: 1.3em;">&nbsp; &nbsp; &nbsp; &nbsp; &nbsp; &nbsp; &nbsp; &nbsp;*A model green institution for Human Resources Development, a builder of human resources in the knowledge era of the 21st Century;</span></p>\r\n<p style="text-align: justify;"><span style="line-height: 1.3em;">&nbsp; &nbsp; &nbsp; &nbsp; &nbsp; &nbsp; &nbsp; *A center for curricular innovations and research especially in education, technology, engineering, ICT and entrepreneurship; and</span></p>\r\n<p style="text-align: justify;"><span style="line-height: 1.3em;">&nbsp; &nbsp; &nbsp; &nbsp; &nbsp; &nbsp; &nbsp; *A Provider of quality graduates in professional and technological programs for industry and community.</span></p>\r\n<p style="text-align: justify;"><br /><br /> Dear readers and guests, these are the challenges for every CHMSCian to hurdle and the dreams to realize. This website will be one of the connections with you as we ardently take each step. Feel free to visit often and be kept posted as we continue to work for discoveries and advancement that will bring benefits to the lives of the students, the community, and the world, as a whole.<br /><br /> Warmest welcome and I wish you well!</p>\r\n<p style="text-align: justify;"><br /><br /></p>\r\n<p style="text-align: justify;">RENATO M. SOROLLA, Ph.D.<br />SUC President II</p>'),
(13, 'motto', '<p><strong><span style="color:#FFF0F5"><span style="font-family:arial,helvetica,sans-serif">CHMSC EXCELS:</span></span></strong></p>\r\n\r\n<p><strong><span style="color:#FFF0F5"><span style="font-family:arial,helvetica,sans-serif">Excellence, Competence and Educational</span></span></strong></p>\r\n\r\n<p><strong><span style="color:#FFF0F5"><span style="font-family:arial,helvetica,sans-serif">Leadership in Science and Technology</span></span></strong></p>\r\n'),
(14, 'Campuses', '<pre>\r\n<span style="font-size:16px"><strong>Campuses</strong></span></pre>\r\n\r\n<ul>\r\n	<li>Alijis Campus</li>\r\n	<li>Binalbagan Campus</li>\r\n	<li>Fortunetown Campus</li>\r\n	<li>Talisay Campus<br />\r\n	&nbsp;</li>\r\n</ul>\r\n');

-- --------------------------------------------------------

--
-- Table structure for table `department`
--

CREATE TABLE IF NOT EXISTS `department` (
  `department_id` int(11) NOT NULL AUTO_INCREMENT,
  `department_name` varchar(100) NOT NULL,
  `dean` varchar(100) NOT NULL,
  PRIMARY KEY (`department_id`)
) ENGINE=InnoDB  DEFAULT CHARSET=latin1 AUTO_INCREMENT=11 ;

--
-- Dumping data for table `department`
--

INSERT INTO `department` (`department_id`, `department_name`, `dean`) VALUES
(4, 'Dr. Inshaf', 'College of Industrial Technology'),
(5, 'School of Arts and Science', 'DR.'),
(9, 'College of Education', 'null'),
(10, 'Information technology', 'Dr. Asif');

-- --------------------------------------------------------

--
-- Table structure for table `event`
--

CREATE TABLE IF NOT EXISTS `event` (
  `event_id` int(11) NOT NULL AUTO_INCREMENT,
  `event_title` varchar(100) NOT NULL,
  `teacher_class_id` int(11) NOT NULL,
  `date_start` varchar(100) NOT NULL,
  `date_end` varchar(100) NOT NULL,
  PRIMARY KEY (`event_id`)
) ENGINE=InnoDB  DEFAULT CHARSET=latin1 AUTO_INCREMENT=23 ;

--
-- Dumping data for table `event`
--

INSERT INTO `event` (`event_id`, `event_title`, `teacher_class_id`, `date_start`, `date_end`) VALUES
(15, 'Long Test', 113, '12/05/2013', '12/06/2013'),
(17, 'sdasf', 147, '11/16/2013', '11/16/2013'),
(18, 'Application Development', 186, '01/15/2015', '03/19/2015'),
(19, 'Exams', 186, '04/15/2015', '05/13/2015'),
(20, 'Sports Day', 0, '05/05/2015', '05/06/2015'),
(21, 'Telent show', 0, '05/13/2015', '05/24/2015'),
(22, 'Leave', 0, '10/29/2015', '10/31/2015');

-- --------------------------------------------------------

--
-- Table structure for table `files`
--

CREATE TABLE IF NOT EXISTS `files` (
  `file_id` int(11) NOT NULL AUTO_INCREMENT,
  `floc` varchar(500) NOT NULL,
  `fdatein` varchar(200) NOT NULL,
  `fdesc` varchar(100) NOT NULL,
  `teacher_id` int(11) NOT NULL,
  `class_id` int(11) NOT NULL,
  `fname` varchar(100) NOT NULL,
  `uploaded_by` varchar(100) NOT NULL,
  PRIMARY KEY (`file_id`)
) ENGINE=MyISAM  DEFAULT CHARSET=latin1 AUTO_INCREMENT=141 ;

--
-- Dumping data for table `files`
--

INSERT INTO `files` (`file_id`, `floc`, `fdatein`, `fdesc`, `teacher_id`, `class_id`, `fname`, `uploaded_by`) VALUES
(133, 'admin/uploads/7939_File_449E26DB.jpg', '2014-02-20 10:31:38', 'sas', 14, 177, 'sss', ''),
(132, 'admin/uploads/7939_File_449E26DB.jpg', '2014-02-20 10:29:53', 'sas', 14, 178, 'sss', ''),
(131, 'admin/uploads/7939_File_449E26DB.jpg', '2014-02-20 10:28:09', 'sas', 14, 12, 'sss', ''),
(129, 'admin/uploads/7939_File_449E26DB.jpg', '2014-02-20 10:12:38', 'sas', 0, 12, 'sss', ''),
(130, 'admin/uploads/7939_File_449E26DB.jpg', '2014-02-20 10:26:11', 'sas', 0, 12, 'sss', ''),
(128, 'admin/uploads/7614_File_1476273_644977475552481_2029187901_n.jpg', '2014-02-13 13:31:18', 'qwwqw', 12, 185, 'kevi', 'Ruby Mae Morante'),
(127, 'admin/uploads/1085_File_Resume.docx', '2014-02-13 12:53:09', 'q', 12, 183, 'q', 'Ruby Mae Morante'),
(126, 'admin/uploads/7895_File_PERU REPORT.pptx', '2014-02-13 12:35:42', 'chapter 1', 12, 182, 'chapter 1', 'Ruby Mae Morante'),
(125, 'admin/uploads/2658_File_kevin.docx', '2014-02-13 11:10:56', 'test', 12, 181, 'test', 'Ruby Mae Morante'),
(123, 'admin/uploads/4801_File_painting-02.jpg', '2013-12-11 12:02:46', 'jdkasjfd', 12, 163, 'Test', 'Ruby Mae Morante'),
(122, 'admin/uploads/3985_File_win_boot_screen_16_9_by_medi_dadu-d4s7dc1.gif', '2013-12-07 20:00:22', 'dasdasd', 12, 145, 'dasd', 'Ruby Mae Morante'),
(121, 'admin/uploads/7439_File_win_boot_screen_16_9_by_medi_dadu-d4s7dc1.gif', '2013-12-07 19:59:46', 'asdad', 12, 162, 'kevin', 'Ruby Mae Morante'),
(120, 'admin/uploads/7439_File_win_boot_screen_16_9_by_medi_dadu-d4s7dc1.gif', '2013-12-07 19:59:46', 'asdad', 12, 145, 'kevin', 'Ruby Mae Morante'),
(119, 'admin/uploads/3166_File_win_boot_screen_16_9_by_medi_dadu-d4s7dc1.gif', '2013-12-07 19:58:44', 'kevin', 12, 145, 'kevin', 'Ruby Mae Morante'),
(118, 'admin/uploads/4849_File_win_boot_screen_16_9_by_medi_dadu-d4s7dc1.gif', '2013-11-26 23:59:20', 'q', 0, 162, 'qq', 'StephanieVillanueva'),
(117, 'admin/uploads/9467_File_win_boot_screen_16_9_by_medi_dadu-d4s7dc1.gif', '2013-11-26 10:42:37', 'test', 0, 162, 'report group 1', 'MarrianneTumala'),
(116, 'admin/uploads/5990_File_win_boot_screen_16_9_by_medi_dadu-d4s7dc1.gif', '2013-11-26 02:51:24', 'w', 12, 162, 'w', 'Ruby Mae Morante'),
(115, 'admin/uploads/5990_File_win_boot_screen_16_9_by_medi_dadu-d4s7dc1.gif', '2013-11-26 02:51:24', 'w', 12, 145, 'w', 'Ruby Mae Morante'),
(138, 'admin/uploads/4031_File_itmaxinst.sql', '2015-01-21 21:34:45', 'this is itmax database', 0, 186, 'itmax', 'FazlanMohammed'),
(140, 'admin/uploads/3747_File_11025955_2145359678906691_3389438944531893570_n.jpg', '2015-05-25 21:02:54', 'qwe', 21, 190, 'qwe', 'AshabMohammed');

-- --------------------------------------------------------

--
-- Table structure for table `message`
--

CREATE TABLE IF NOT EXISTS `message` (
  `message_id` int(11) NOT NULL AUTO_INCREMENT,
  `reciever_id` int(11) NOT NULL,
  `content` varchar(200) NOT NULL,
  `date_sended` varchar(100) NOT NULL,
  `sender_id` int(11) NOT NULL,
  `reciever_name` varchar(50) NOT NULL,
  `sender_name` varchar(200) NOT NULL,
  `message_status` varchar(100) NOT NULL,
  PRIMARY KEY (`message_id`)
) ENGINE=InnoDB  DEFAULT CHARSET=latin1 AUTO_INCREMENT=59 ;

--
-- Dumping data for table `message`
--

INSERT INTO `message` (`message_id`, `reciever_id`, `content`, `date_sended`, `sender_id`, `reciever_name`, `sender_name`, `message_status`) VALUES
(2, 11, 'fasf', '2013-11-13 13:15:47', 42, 'Aladin Cabrera', 'john kevin lorayna', ''),
(4, 71, 'bcjhbcjksdbckldj', '2013-11-25 15:59:13', 71, 'Noli Mendoza', 'Noli Mendoza', 'read'),
(17, 12, 'tst', '2013-12-01 23:38:40', 93, 'Ruby Mae  Morante', 'John Kevin  Lorayna', ''),
(19, 12, 'fasfaf', '2013-12-01 23:56:17', 93, 'Ruby Mae  Morante', 'John Kevin  Lorayna', ''),
(27, 93, 'fa', '2013-12-02 00:01:54', 12, 'John Kevin  Lorayna', 'Ruby Mae  Morante', ''),
(28, 136, 'Submit your classcard', '2014-02-13 13:35:21', 12, 'Jorgielyn Serfino', 'Ruby Mae  Morante', ''),
(29, 144, 'hi', '2015-01-17 07:36:25', 9, 'Neovi Devierte', 'Jomar Pabuaya', ''),
(30, 144, 'hi', '2015-01-17 07:36:33', 9, 'Neovi Devierte', 'Jomar Pabuaya', ''),
(31, 5, 'lms10117 lms10117lms10117 lms10117lms10117', '2015-01-18 07:40:57', 104, 'Cristine Redoblo', 'Felix Kirby Ubas', ''),
(32, 9, 'hello', '2015-01-18 18:59:35', 113, 'Chris  Evans', 'Clifford Ledesma', 'read'),
(33, 5, 'hi\r\n', '2015-01-18 19:00:03', 113, 'Scarlett Johansson', 'Clifford Ledesma', ''),
(34, 113, 'hi', '2015-01-18 19:01:06', 5, 'Clifford Ledesma', 'Scarlett Johansson', 'read'),
(35, 5, 'hi', '2015-01-21 19:54:35', 113, 'Scarlett Johansson', 'Clifford Ledesma', ''),
(36, 112, 'hi machan', '2015-01-21 19:55:23', 113, 'Shabry Mohammed', 'Fazlan Mohammed', ''),
(37, 112, 'Hi Shabry', '2015-01-21 20:01:47', 174, 'Shabry Mohammed', 'Black  Widow', ''),
(38, 13, 'hellow madam', '2015-05-24 23:02:11', 221, 'Jana KT', 'asif yoosuf', ''),
(39, 219, 'hi buddy', '2015-05-24 23:02:54', 221, 'Fazlan Mohammed', 'asif yoosuf', 'read'),
(40, 21, 'hi sir\r\n', '2015-05-24 23:23:55', 221, 'Ashab Mohammed', 'asif yoosuf', 'read'),
(41, 221, 'hi\r\n', '2015-05-24 23:24:33', 21, 'asif yoosuf', 'Ashab Mohammed', 'read'),
(43, 221, 'hkj', '2015-05-24 23:27:29', 21, 'asif yoosuf', 'Ashab Mohammed', 'read'),
(44, 21, 'sdf', '2015-05-25 21:04:08', 221, 'Ashab Mohammed', 'asif yoosuf', 'read'),
(45, 221, 'sadf', '2015-05-25 21:04:54', 21, 'asif yoosuf', 'Ashab Mohammed', 'read'),
(47, 219, 'Reply', '2015-10-29 07:20:19', 21, 'Fazlan Mohammed', 'Ashab Mohammed', 'read'),
(48, 113, 'Reply', '2015-10-29 07:20:42', 21, 'Fazlan Mohammed', 'Ashab Mohammed', 'read'),
(50, 0, '', '2015-10-29 07:47:08', 21, 'asif yoosuf', 'Ashab Mohammed', ''),
(51, 221, '', '2015-10-29 07:47:52', 21, 'asif yoosuf', 'Ashab Mohammed', ''),
(52, 113, 'sdf', '2015-10-29 07:50:09', 21, 'Fazlan Mohammed', 'Ashab Mohammed', 'read'),
(53, 113, 'sdsr', '2015-10-29 07:54:28', 21, 'Fazlan Mohammed', 'Ashab Mohammed', 'read'),
(54, 221, 'asd', '2015-10-29 07:56:57', 21, 'asif yoosuf', 'Ashab Mohammed', ''),
(55, 5, '', '2015-10-29 07:57:44', 113, 'Scarlett Johansson', 'Clifford Ledesma', ''),
(56, 5, '', '2015-10-29 07:58:04', 113, 'Scarlett Johansson', 'Clifford Ledesma', ''),
(57, 221, '', '2015-11-18 12:08:56', 219, 'asif yoosuf', 'Fazlan Mohammed', ''),
(58, 9, 'cbv', '2015-11-24 22:03:32', 15, 'Chris  Evans', ' ', '');

-- --------------------------------------------------------

--
-- Table structure for table `message_sent`
--

CREATE TABLE IF NOT EXISTS `message_sent` (
  `message_sent_id` int(11) NOT NULL AUTO_INCREMENT,
  `reciever_id` int(11) NOT NULL,
  `content` varchar(200) NOT NULL,
  `date_sended` varchar(100) NOT NULL,
  `sender_id` int(11) NOT NULL,
  `reciever_name` varchar(100) NOT NULL,
  `sender_name` varchar(100) NOT NULL,
  PRIMARY KEY (`message_sent_id`)
) ENGINE=InnoDB  DEFAULT CHARSET=latin1 AUTO_INCREMENT=44 ;

--
-- Dumping data for table `message_sent`
--

INSERT INTO `message_sent` (`message_sent_id`, `reciever_id`, `content`, `date_sended`, `sender_id`, `reciever_name`, `sender_name`) VALUES
(1, 42, 'sad', '2013-11-12 22:50:05', 42, 'john kevin lorayna', 'john kevin lorayna'),
(2, 11, 'fasf', '2013-11-13 13:15:47', 42, 'Aladin Cabrera', 'john kevin lorayna'),
(3, 12, 'bjhkcbkjsdnckldvls', '2013-11-25 15:58:55', 71, 'Ruby Mae  Morante', 'Noli Mendoza'),
(4, 71, 'bcjhbcjksdbckldj', '2013-11-25 15:59:13', 71, 'Noli Mendoza', 'Noli Mendoza'),
(5, 12, 'test', '2013-11-30 20:54:05', 93, 'Ruby Mae  Morante', 'John Kevin  Lorayna'),
(11, 12, 'tst', '2013-12-01 23:38:40', 93, 'Ruby Mae  Morante', 'John Kevin  Lorayna'),
(12, 12, 'fasfasf', '2013-12-01 23:49:13', 93, 'Ruby Mae  Morante', 'John Kevin  Lorayna'),
(13, 136, 'Submit your classcard', '2014-02-13 13:35:21', 12, 'Jorgielyn Serfino', 'Ruby Mae  Morante'),
(14, 144, 'hi', '2015-01-17 07:36:25', 9, 'Neovi Devierte', 'Jomar Pabuaya'),
(15, 144, 'hi', '2015-01-17 07:36:33', 9, 'Neovi Devierte', 'Jomar Pabuaya'),
(16, 5, 'lms10117 lms10117lms10117 lms10117lms10117', '2015-01-18 07:40:58', 104, 'Cristine Redoblo', 'Felix Kirby Ubas'),
(17, 9, 'hello', '2015-01-18 18:59:36', 113, 'Chris  Evans', 'Clifford Ledesma'),
(18, 5, 'hi\r\n', '2015-01-18 19:00:03', 113, 'Scarlett Johansson', 'Clifford Ledesma'),
(19, 113, 'hi', '2015-01-18 19:01:06', 5, 'Clifford Ledesma', 'Scarlett Johansson'),
(20, 5, 'hi', '2015-01-21 19:54:36', 113, 'Scarlett Johansson', 'Clifford Ledesma'),
(21, 112, 'hi machan', '2015-01-21 19:55:23', 113, 'Shabry Mohammed', 'Fazlan Mohammed'),
(22, 112, 'Hi Shabry', '2015-01-21 20:01:47', 174, 'Shabry Mohammed', 'Black  Widow'),
(23, 13, 'hellow madam', '2015-05-24 23:02:11', 221, 'Jana KT', 'asif yoosuf'),
(24, 219, 'hi buddy', '2015-05-24 23:02:54', 221, 'Fazlan Mohammed', 'asif yoosuf'),
(25, 21, 'hi sir\r\n', '2015-05-24 23:23:55', 221, 'Ashab Mohammed', 'asif yoosuf'),
(26, 221, 'hi\r\n', '2015-05-24 23:24:33', 21, 'asif yoosuf', 'Ashab Mohammed'),
(27, 21, 'how are you', '2015-05-24 23:25:04', 221, 'Ashab Mohammed', 'asif yoosuf'),
(28, 221, 'hkj', '2015-05-24 23:27:29', 21, 'asif yoosuf', 'Ashab Mohammed'),
(29, 21, 'sdf', '2015-05-25 21:04:08', 221, 'Ashab Mohammed', 'asif yoosuf'),
(30, 221, 'sadf', '2015-05-25 21:04:54', 21, 'asif yoosuf', 'Ashab Mohammed'),
(31, 21, '1F9E001F9E001F9E001F9E001F9E00 1F9E001F9E001F9E00 1F9E001F9E001F9E00 1F9E00 1F9E001F9E00 1F9E001F9E00', '2015-10-29 07:18:35', 113, 'Ashab Mohammed', 'Fazlan Mohammed'),
(32, 219, 'Reply', '2015-10-29 07:20:19', 21, 'Fazlan Mohammed', 'Ashab Mohammed'),
(33, 113, 'Reply', '2015-10-29 07:20:42', 21, 'Fazlan Mohammed', 'Ashab Mohammed'),
(34, 21, 'Test', '2015-10-29 07:30:56', 113, 'Ashab Mohammed', 'Fazlan Mohammed'),
(35, 0, '', '2015-10-29 07:47:08', 21, 'asif yoosuf', 'Ashab Mohammed'),
(36, 221, '', '2015-10-29 07:47:52', 21, 'asif yoosuf', 'Ashab Mohammed'),
(37, 113, 'sdf', '2015-10-29 07:50:09', 21, 'Fazlan Mohammed', 'Ashab Mohammed'),
(38, 113, 'sdsr', '2015-10-29 07:54:28', 21, 'Fazlan Mohammed', 'Ashab Mohammed'),
(39, 221, 'asd', '2015-10-29 07:56:57', 21, 'asif yoosuf', 'Ashab Mohammed'),
(40, 5, '', '2015-10-29 07:57:44', 113, 'Scarlett Johansson', 'Clifford Ledesma'),
(41, 5, '', '2015-10-29 07:58:04', 113, 'Scarlett Johansson', 'Clifford Ledesma'),
(42, 221, '', '2015-11-18 12:08:56', 219, 'asif yoosuf', 'Fazlan Mohammed'),
(43, 9, 'cbv', '2015-11-24 22:03:32', 15, 'Chris  Evans', ' ');

-- --------------------------------------------------------

--
-- Table structure for table `notification`
--

CREATE TABLE IF NOT EXISTS `notification` (
  `notification_id` int(11) NOT NULL AUTO_INCREMENT,
  `teacher_class_id` int(11) NOT NULL,
  `notification` varchar(100) NOT NULL,
  `date_of_notification` varchar(50) NOT NULL,
  `link` varchar(100) NOT NULL,
  PRIMARY KEY (`notification_id`)
) ENGINE=InnoDB  DEFAULT CHARSET=latin1 AUTO_INCREMENT=23 ;

--
-- Dumping data for table `notification`
--

INSERT INTO `notification` (`notification_id`, `teacher_class_id`, `notification`, `date_of_notification`, `link`) VALUES
(2, 0, 'Add Downloadable Materials file name <b>sss</b>', '2014-01-17 14:35:32', 'downloadable_student.php'),
(3, 167, 'Add Annoucements', '2014-01-17 14:36:32', 'announcements_student.php'),
(4, 0, 'Add Downloadable Materials file name <b>test</b>', '2014-02-13 11:10:56', 'downloadable_student.php'),
(5, 167, 'Add Assignment file name <b>q</b>', '2014-02-13 11:27:59', 'assignment_student.php'),
(6, 0, 'Add Downloadable Materials file name <b>chapter 1</b>', '2014-02-13 12:35:42', 'downloadable_student.php'),
(7, 0, 'Add Downloadable Materials file name <b>q</b>', '2014-02-13 12:53:09', 'downloadable_student.php'),
(8, 0, 'Add Downloadable Materials file name <b>kevi</b>', '2014-02-13 13:31:18', 'downloadable_student.php'),
(9, 185, 'Add Practice Quiz file', '2014-02-13 13:33:27', 'student_quiz_list.php'),
(10, 167, 'Add Annoucements', '2014-02-13 13:45:59', 'announcements_student.php'),
(11, 0, 'Add Downloadable Materials file name <b>q</b>', '2014-02-21 16:43:38', 'downloadable_student.php'),
(12, 0, 'Add Downloadable Materials file name <b>q</b>', '2014-02-21 16:46:18', 'downloadable_student.php'),
(13, 0, 'Add Downloadable Materials file name <b>q</b>', '2014-02-21 16:46:49', 'downloadable_student.php'),
(14, 0, 'Add Downloadable Materials file name <b>q</b>', '2014-02-21 16:52:30', 'downloadable_student.php'),
(15, 189, 'Add Assignment file name <b>ASE Assignment</b>', '2015-05-24 23:31:08', 'assignment_student.php'),
(16, 189, 'Add Assignment file name <b>AD Assignment</b>', '2015-05-24 23:31:51', 'assignment_student.php'),
(17, 0, 'Add Downloadable Materials file name <b>qwe</b>', '2015-05-25 21:02:54', 'downloadable_student.php'),
(18, 190, 'Add Assignment file name <b>aSD</b>', '2015-05-25 21:03:05', 'assignment_student.php'),
(19, 190, 'Add Annoucements', '2015-05-25 21:03:15', 'announcements_student.php'),
(20, 189, 'Add Annoucements', '2015-09-13 16:36:28', 'announcements_student.php'),
(21, 189, 'Add Annoucements', '2015-09-13 16:37:18', 'announcements_student.php'),
(22, 189, 'Add Practice Quiz file', '2015-09-13 23:48:01', 'student_quiz_list.php');

-- --------------------------------------------------------

--
-- Table structure for table `notification_read`
--

CREATE TABLE IF NOT EXISTS `notification_read` (
  `notification_read_id` int(11) NOT NULL AUTO_INCREMENT,
  `student_id` int(11) NOT NULL,
  `student_read` varchar(50) NOT NULL,
  `notification_id` int(11) NOT NULL,
  PRIMARY KEY (`notification_read_id`)
) ENGINE=InnoDB  DEFAULT CHARSET=latin1 AUTO_INCREMENT=13 ;

--
-- Dumping data for table `notification_read`
--

INSERT INTO `notification_read` (`notification_read_id`, `student_id`, `student_read`, `notification_id`) VALUES
(1, 221, 'yes', 16),
(2, 221, 'yes', 15),
(3, 113, 'yes', 16),
(4, 113, 'yes', 15),
(5, 113, 'yes', 20),
(6, 113, 'yes', 21),
(7, 113, 'yes', 22),
(8, 219, 'yes', 22),
(9, 219, 'yes', 21),
(10, 219, 'yes', 20),
(11, 219, 'yes', 16),
(12, 219, 'yes', 15);

-- --------------------------------------------------------

--
-- Table structure for table `notification_read_teacher`
--

CREATE TABLE IF NOT EXISTS `notification_read_teacher` (
  `notification_read_teacher_id` int(11) NOT NULL AUTO_INCREMENT,
  `teacher_id` int(11) NOT NULL,
  `student_read` varchar(100) NOT NULL,
  `notification_id` int(11) NOT NULL,
  PRIMARY KEY (`notification_read_teacher_id`)
) ENGINE=InnoDB  DEFAULT CHARSET=latin1 AUTO_INCREMENT=11 ;

--
-- Dumping data for table `notification_read_teacher`
--

INSERT INTO `notification_read_teacher` (`notification_read_teacher_id`, `teacher_id`, `student_read`, `notification_id`) VALUES
(1, 12, 'yes', 14),
(2, 12, 'yes', 13),
(3, 12, 'yes', 12),
(4, 12, 'yes', 11),
(5, 12, 'yes', 10),
(6, 12, 'yes', 9),
(7, 12, 'yes', 8),
(8, 12, 'yes', 7),
(9, 9, 'yes', 18),
(10, 21, 'yes', 19);

-- --------------------------------------------------------

--
-- Table structure for table `question_type`
--

CREATE TABLE IF NOT EXISTS `question_type` (
  `question_type_id` int(11) NOT NULL,
  `question_type` varchar(150) NOT NULL,
  PRIMARY KEY (`question_type_id`)
) ENGINE=MyISAM DEFAULT CHARSET=latin1;

--
-- Dumping data for table `question_type`
--

INSERT INTO `question_type` (`question_type_id`, `question_type`) VALUES
(1, 'Multiple Choice'),
(2, 'True or False');

-- --------------------------------------------------------

--
-- Table structure for table `quiz`
--

CREATE TABLE IF NOT EXISTS `quiz` (
  `quiz_id` int(11) NOT NULL AUTO_INCREMENT,
  `quiz_title` varchar(50) NOT NULL,
  `quiz_description` varchar(100) NOT NULL,
  `date_added` varchar(100) NOT NULL,
  `teacher_id` int(11) NOT NULL,
  PRIMARY KEY (`quiz_id`)
) ENGINE=InnoDB  DEFAULT CHARSET=latin1 AUTO_INCREMENT=8 ;

--
-- Dumping data for table `quiz`
--

INSERT INTO `quiz` (`quiz_id`, `quiz_title`, `quiz_description`, `date_added`, `teacher_id`) VALUES
(3, 'Sample Test', 'Test', '2013-12-03 23:01:56', 12),
(4, 'Chapter 1', 'topics', '2013-12-13 01:51:02', 14),
(5, 'test3', '123', '2014-01-16 04:12:07', 12),
(6, 'Quiz No 1', 'Demo Quiz', '2015-09-13 23:46:12', 21),
(7, 'Application Development', 'Application Development AD', '2015-11-26 18:57:50', 21);

-- --------------------------------------------------------

--
-- Table structure for table `quiz_question`
--

CREATE TABLE IF NOT EXISTS `quiz_question` (
  `quiz_question_id` int(11) NOT NULL AUTO_INCREMENT,
  `quiz_id` int(11) NOT NULL,
  `question_text` varchar(100) NOT NULL,
  `question_type_id` int(11) NOT NULL,
  `points` int(11) NOT NULL,
  `date_added` varchar(100) NOT NULL,
  `answer` varchar(100) NOT NULL,
  PRIMARY KEY (`quiz_question_id`)
) ENGINE=InnoDB  DEFAULT CHARSET=latin1 AUTO_INCREMENT=40 ;

--
-- Dumping data for table `quiz_question`
--

INSERT INTO `quiz_question` (`quiz_question_id`, `quiz_id`, `question_text`, `question_type_id`, `points`, `date_added`, `answer`) VALUES
(33, 5, '<p>q</p>\r\n', 2, 0, '2014-01-17 04:15:03', 'False'),
(34, 3, '<p>Php Stands for ?</p>\r\n', 1, 0, '2014-01-17 12:25:17', 'C'),
(35, 3, '<p>Echo is a Php code that display the output.</p>\r\n', 2, 0, '2014-01-17 12:26:18', 'True'),
(36, 6, '<p>Demo Question</p>\r\n', 1, 0, '2015-09-13 23:47:06', ''),
(37, 6, '<p>Demo Question</p>\r\n', 2, 0, '2015-09-13 23:50:44', 'f'),
(38, 7, '<p>Test</p>\r\n', 1, 0, '2015-11-26 18:59:49', 'A');

-- --------------------------------------------------------

--
-- Table structure for table `school_year`
--

CREATE TABLE IF NOT EXISTS `school_year` (
  `school_year_id` int(11) NOT NULL AUTO_INCREMENT,
  `school_year` varchar(100) NOT NULL,
  PRIMARY KEY (`school_year_id`)
) ENGINE=InnoDB  DEFAULT CHARSET=latin1 AUTO_INCREMENT=5 ;

--
-- Dumping data for table `school_year`
--

INSERT INTO `school_year` (`school_year_id`, `school_year`) VALUES
(2, '2012-2013'),
(3, '2013-2014'),
(4, '2014-2015');

-- --------------------------------------------------------

--
-- Table structure for table `student`
--

CREATE TABLE IF NOT EXISTS `student` (
  `student_id` int(11) NOT NULL AUTO_INCREMENT,
  `firstname` varchar(100) NOT NULL,
  `lastname` varchar(100) NOT NULL,
  `class_id` int(11) NOT NULL,
  `username` varchar(100) NOT NULL,
  `password` varchar(100) NOT NULL,
  `location` varchar(100) NOT NULL,
  `status` varchar(100) NOT NULL,
  PRIMARY KEY (`student_id`)
) ENGINE=MyISAM  DEFAULT CHARSET=latin1 AUTO_INCREMENT=229 ;

--
-- Dumping data for table `student`
--

INSERT INTO `student` (`student_id`, `firstname`, `lastname`, `class_id`, `username`, `password`, `location`, `status`) VALUES
(113, 'Fazlan', 'Mohammed', 13, '2655', '123', 'uploads/user-icon.png', 'Unregistered'),
(112, 'Shabry', 'Mohammed', 13, '2700372', 'shab', 'uploads/shabry.jpg', 'Unregistered'),
(111, 'Ijaas', 'Imth', 13, '21100867', 'heni', 'uploads/photo.jpg', 'Unregistered'),
(108, 'Mohamed', 'Fazmin', 13, '21101151', '', 'uploads/dp.jpg', 'Unregistered'),
(105, 'Manas', 'Mohamed', 13, '21101131', '', 'uploads/Koala.jpg', 'Unregistered'),
(106, 'Asif', 'Akraf', 13, '29000676', '', 'uploads/razel.jpg', 'Unregistered'),
(103, 'Shahid', 'Nadheer', 13, '21100617', '', 'uploads/NO-IMAGE-AVAILABLE.jpg', 'Unregistered'),
(104, 'Hazaary', 'Nazeer', 13, '21100277', 'lms10117', 'uploads/hazaa.jpg', 'Unregistered'),
(100, 'Shinaz', 'yusuf', 13, '21100303', 'shinaz', 'uploads/shinaz.jpg', 'Unregistered'),
(171, 'Manazir', 'Mohammed', 14, '21100464', 'manazir', 'uploads/NO-IMAGE-AVAILABLE.jpg', 'Unregistered'),
(173, 'Hisham', 'Mohamed', 14, '21100711', 'hisham', 'uploads/NO-IMAGE-AVAILABLE.jpg', 'Unregistered'),
(174, 'Black ', 'Widow', 14, '21100711', 'black', 'uploads/Scarlett-Johansson2.jpg', 'Unregistered'),
(175, 'Azeer', 'Mark', 14, '21100654', 'mark', 'uploads/NO-IMAGE-AVAILABLE.jpg', 'Unregistered'),
(176, 'Inshaf', 'Mohamed', 14, '21100772', 'inshaf', 'uploads/NO-IMAGE-AVAILABLE.jpg', 'Unregistered'),
(177, 'Mohamed', 'Afry', 14, '21100418', 'afry', 'uploads/NO-IMAGE-AVAILABLE.jpg', 'Unregistered'),
(180, 'Deo Christopher', 'Tribaco', 14, '21101227', '', 'uploads/NO-IMAGE-AVAILABLE.jpg', 'Unregistered'),
(181, 'Jerson', 'Vargas', 14, '21100819', '', 'uploads/NO-IMAGE-AVAILABLE.jpg', 'Unregistered'),
(182, 'Valencia', 'Jeralice', 14, '29000405', '', 'uploads/NO-IMAGE-AVAILABLE.jpg', 'Unregistered'),
(183, 'Cristine', 'Yanson', 14, '21101148', '', 'uploads/NO-IMAGE-AVAILABLE.jpg', 'Unregistered'),
(184, 'Ariane', 'Alix', 17, '21201166', '', 'uploads/NO-IMAGE-AVAILABLE.jpg', 'Unregistered'),
(186, 'Ryan Carl', 'Biaquis', 17, '21201244', '', 'uploads/NO-IMAGE-AVAILABLE.jpg', 'Unregistered'),
(187, 'Ria', 'Bitar', 17, '21201282', '', 'uploads/NO-IMAGE-AVAILABLE.jpg', 'Unregistered'),
(188, 'Jeremae', 'Bustamante', 17, '21200798', '', 'uploads/NO-IMAGE-AVAILABLE.jpg', 'Unregistered'),
(189, 'Rhen Mark', 'Callado', 17, '21201012', '', 'uploads/NO-IMAGE-AVAILABLE.jpg', 'Unregistered'),
(190, 'Ma. Geraldine', 'Carisma', 17, '21201219', '', 'uploads/NO-IMAGE-AVAILABLE.jpg', 'Unregistered'),
(221, 'asif', 'yoosuf', 8, '1515', 'asif123', 'uploads/10616109_679599982152211_7470235212787962628_n.jpg', 'Registered'),
(192, 'Welson', 'Castro', 17, '120733', '', 'uploads/NO-IMAGE-AVAILABLE.jpg', 'Unregistered'),
(193, 'Kimberly Hope', 'Centina', 17, '21201338', '', 'uploads/NO-IMAGE-AVAILABLE.jpg', 'Unregistered'),
(197, 'Mary Joy', 'Jimenez', 17, '21201437', '', 'uploads/NO-IMAGE-AVAILABLE.jpg', 'Unregistered'),
(215, 'cristine', 'trespuer', 18, '21300258', '', 'uploads/NO-IMAGE-AVAILABLE.jpg', 'Unregistered'),
(216, 'arian', 'baldostamon', 18, '21300176', '', 'uploads/NO-IMAGE-AVAILABLE.jpg', 'Unregistered'),
(217, 'Alyssa', 'David', 17, '21200507', '123', 'uploads/profile-pic.png', 'Unregistered'),
(218, 'josie', 'banday', 7, '20100452', 'heaven', 'uploads/NO-IMAGE-AVAILABLE.jpg', 'Registered'),
(219, 'Fazlan', 'Mohammed', 8, '1135', '123', 'uploads/user-icon.png', 'Unregistered'),
(223, 'Zaeem ', 'Mohammed', 29, '1124', 'zaeem123', 'uploads/1065-IMG_2529.jpg', 'Registered'),
(227, 'Inshaf', 'Mohammed', 29, '6600', '', 'uploads/NO-IMAGE-AVAILABLE.jpg', 'Unregistered'),
(228, 'Sambave', 'Samba', 24, '987654', '1234', 'uploads/NO-IMAGE-AVAILABLE.jpg', 'Registered');

-- --------------------------------------------------------

--
-- Table structure for table `student_assignment`
--

CREATE TABLE IF NOT EXISTS `student_assignment` (
  `student_assignment_id` int(11) NOT NULL AUTO_INCREMENT,
  `assignment_id` int(11) NOT NULL,
  `floc` varchar(100) NOT NULL,
  `assignment_fdatein` varchar(50) NOT NULL,
  `fdesc` varchar(100) NOT NULL,
  `fname` varchar(50) NOT NULL,
  `student_id` int(11) NOT NULL,
  `grade` varchar(5) NOT NULL,
  PRIMARY KEY (`student_assignment_id`)
) ENGINE=InnoDB  DEFAULT CHARSET=latin1 AUTO_INCREMENT=36 ;

--
-- Dumping data for table `student_assignment`
--

INSERT INTO `student_assignment` (`student_assignment_id`, `assignment_id`, `floc`, `assignment_fdatein`, `fdesc`, `fname`, `student_id`, `grade`) VALUES
(21, 13, 'admin/uploads/1414_File_win_boot_screen_16_9_by_medi_dadu-d4s7dc1.gif', '2013-11-24 11:59:28', 'fasfasfasfsfsafasf', 'safas', 93, ''),
(22, 13, 'admin/uploads/5554_File_win_boot_screen_16_9_by_medi_dadu-d4s7dc1.gif', '2013-11-24 12:07:46', 'fasfaf', 'fdasf', 93, ''),
(23, 13, 'admin/uploads/3202_File_win_boot_screen_16_9_by_medi_dadu-d4s7dc1.gif', '2013-11-24 12:08:21', 'fasf', 'fasf', 93, ''),
(24, 13, 'admin/uploads/6535_File_win_boot_screen_16_9_by_medi_dadu-d4s7dc1.gif', '2013-11-24 12:09:19', 'fasf', 'saff', 93, ''),
(25, 12, 'admin/uploads/8974_File_win_boot_screen_16_9_by_medi_dadu-d4s7dc1.gif', '2013-11-24 12:24:38', 'fgs', 'gs', 93, ''),
(26, 13, 'admin/uploads/9035_File_win_boot_screen_16_9_by_medi_dadu-d4s7dc1.gif', '2013-11-24 12:51:44', 'q', 'q', 93, ''),
(27, 13, 'admin/uploads/4503_File_win_boot_screen_16_9_by_medi_dadu-d4s7dc1.gif', '2013-11-24 12:52:44', 'fasfaf', 'fasf', 93, ''),
(28, 13, 'admin/uploads/7827_File_win_boot_screen_16_9_by_medi_dadu-d4s7dc1.gif', '2013-11-24 12:54:20', 'ffsafsfafsaf', 'fsa', 93, ''),
(29, 13, 'admin/uploads/6680_File_win_boot_screen_16_9_by_medi_dadu-d4s7dc1.gif', '2013-11-24 13:02:49', 'jkl', 'jkl', 93, ''),
(30, 14, 'admin/uploads/1457_File_win_boot_screen_16_9_by_medi_dadu-d4s7dc1.gif', '2013-11-24 13:06:56', 'fasf', 'saf', 93, ''),
(31, 16, 'admin/uploads/7151_File_win_boot_screen_16_9_by_medi_dadu-d4s7dc1.gif', '2013-11-25 10:39:52', 'test', 'my_assginment', 93, ''),
(32, 17, 'admin/uploads/1918_File_win_boot_screen_16_9_by_medi_dadu-d4s7dc1.gif', '2013-11-25 15:54:19', 'q', 'q', 71, '95'),
(33, 31, 'admin/uploads/7519_File_win_boot_screen_16_9_by_medi_dadu-d4s7dc1.gif', '2013-12-07 20:58:58', 'dad', 'das', 75, ''),
(34, 20, 'admin/uploads/2416_File_about.php', '2014-01-14 08:51:53', 'Asssd', 'Assignment1', 136, ''),
(35, 20, 'admin/uploads/5560_File_Chrysanthemum.jpg', '2014-01-14 08:52:22', 'sder', 'sfew', 136, '98');

-- --------------------------------------------------------

--
-- Table structure for table `student_backpack`
--

CREATE TABLE IF NOT EXISTS `student_backpack` (
  `file_id` int(11) NOT NULL AUTO_INCREMENT,
  `floc` varchar(100) NOT NULL,
  `fdatein` varchar(100) NOT NULL,
  `fdesc` varchar(100) NOT NULL,
  `student_id` int(11) NOT NULL,
  `fname` varchar(100) NOT NULL,
  PRIMARY KEY (`file_id`)
) ENGINE=InnoDB DEFAULT CHARSET=latin1 AUTO_INCREMENT=1 ;

-- --------------------------------------------------------

--
-- Table structure for table `student_class_quiz`
--

CREATE TABLE IF NOT EXISTS `student_class_quiz` (
  `student_class_quiz_id` int(11) NOT NULL AUTO_INCREMENT,
  `class_quiz_id` int(11) NOT NULL,
  `student_id` int(11) NOT NULL,
  `student_quiz_time` varchar(100) NOT NULL,
  `grade` varchar(100) NOT NULL,
  PRIMARY KEY (`student_class_quiz_id`)
) ENGINE=InnoDB  DEFAULT CHARSET=latin1 AUTO_INCREMENT=6 ;

--
-- Dumping data for table `student_class_quiz`
--

INSERT INTO `student_class_quiz` (`student_class_quiz_id`, `class_quiz_id`, `student_id`, `student_quiz_time`, `grade`) VALUES
(1, 15, 107, '3600', '0 out of 2'),
(2, 16, 136, '3600', '0 out of 0'),
(3, 17, 113, '3600', '1 out of 1'),
(4, 17, 219, '3600', '0 out of 2'),
(5, 17, 15, '297', '');

-- --------------------------------------------------------

--
-- Table structure for table `subject`
--

CREATE TABLE IF NOT EXISTS `subject` (
  `subject_id` int(11) NOT NULL AUTO_INCREMENT,
  `subject_code` varchar(100) NOT NULL,
  `subject_title` varchar(100) NOT NULL,
  `category` varchar(100) NOT NULL,
  `description` longtext NOT NULL,
  `unit` int(11) NOT NULL,
  `Pre_req` varchar(100) NOT NULL,
  `semester` varchar(100) NOT NULL,
  PRIMARY KEY (`subject_id`)
) ENGINE=MyISAM  DEFAULT CHARSET=latin1 AUTO_INCREMENT=42 ;

--
-- Dumping data for table `subject`
--

INSERT INTO `subject` (`subject_id`, `subject_code`, `subject_title`, `category`, `description`, `unit`, `Pre_req`, `semester`) VALUES
(14, 'ASP01', 'ASP.Net', '', '<p><span style="font-size:medium"><em>About the Subject</em></span></p>\r\n\r\n<p>This subject comprisea topics about systems development, SDLC methodologies, Conceptual Framework, diagrams such as DFD, ERD and Flowchart and writing a thesis proposal.</p>\r\n\r\n<p>&nbsp;</p>\r\n\r\n<p>The project requirement for this subject are:</p>\r\n\r\n<p>Chapters (1-5) Thesis Proposal</p>\r\n\r\n<p>100% Running System at the end of semester</p>\r\n\r\n<p>&nbsp;</p>\r\n', 3, '', ''),
(15, 'CSh02', 'C#.Net', '', '<p><span style="font-size:medium"><em>About the Subject</em></span></p>\r\n\r\n<p>This subject is intended for IT students to develop or enhance communication skills that will be beneficial especially when used in the business industry. The lesson includes Verbal Communication (Written and Oral), Non-verbal Communication, etc.</p>\r\n', 3, '', ''),
(16, 'JV03', 'Java Programming', '', '<pre>\r\n<span style="font-size:medium"><em>About the Subject</em></span></pre>\r\n\r\n<div class="coursera-course-detail">Learn many of the concepts that underlie all programming languages. Develop a programming style known as functional programming and contrast it with object-oriented programming. Through experience writing programs and studying three different languages, learn the key issues in designing and using programming languages, such as modularity and the complementary benefits of static and dynamic typing. This course is neither particularly theoretical nor just about programming specifics &ndash; it will give you a framework for understanding how to use language constructs effectively and how to design correct and elegant programs. By using different languages, you learn to think more deeply than in terms of the particular syntax of one language. The emphasis on functional programming is essential for learning how to write robust, reusable, composable, and elegant programs &ndash; in any language.</div>\r\n\r\n<h2>&nbsp;</h2>\r\n\r\n<pre>\r\n<span style="font-size:medium"><em>&nbsp;Course Syllabus</em></span></pre>\r\n\r\n<div class="coursera-course-detail">\r\n<ul>\r\n	<li>Syntax vs. semantics vs. idioms vs. libraries vs. tools</li>\r\n	<li>ML basics (bindings, conditionals, records, functions)</li>\r\n	<li>Recursive functions and recursive types</li>\r\n	<li>Benefits of no mutation</li>\r\n	<li>Algebraic datatypes, pattern matching</li>\r\n	<li>Tail recursion</li>\r\n	<li>First-class functions and function closures</li>\r\n	<li>Lexical scope</li>\r\n	<li>Equivalence and effects</li>\r\n	<li>Parametric polymorphism and container types</li>\r\n	<li>Type inference</li>\r\n	<li>Abstract types and modules</li>\r\n	<li>Racket basics</li>\r\n	<li>Dynamic vs. static typing</li>\r\n	<li>Implementing languages, especially higher-order functions</li>\r\n	<li>Macro</li>\r\n	<li>Ruby basics</li>\r\n	<li>Object-oriented programming</li>\r\n	<li>Pure object-orientation</li>\r\n	<li>Implementing dynamic dispatch</li>\r\n	<li>Multiple inheritance, interfaces, and mixins</li>\r\n	<li>OOP vs. functional decomposition and extensibility</li>\r\n	<li>Subtyping for records, functions, and objects</li>\r\n	<li>Subtyping</li>\r\n	<li>Class-based subtyping</li>\r\n	<li>Subtyping vs. parametric polymorphism; bounded polymorphism</li>\r\n</ul>\r\n</div>\r\n', 3, '', ''),
(17, 'DA04', 'Data Analysis', '', '<p>This subject discusses about Ethics, E-Commerce, Cybercrime Law, Computer Security, etc.</p>\r\n', 2, '', ''),
(22, 'AP105', 'Application Development', '', '', 3, '', '2nd'),
(23, 'TN623', 'Network and Internet Technology', '', '', 3, '', '2nd'),
(24, 'BS 223', 'Business Process', '', '', 3, '', '2nd'),
(25, 'DS 224', 'Discrete Structures', '', '', 3, '', '2nd'),
(26, 'IS 227', 'IS Programming 2', '', '', 3, '', '2nd'),
(29, 'ACCTG 2', 'Fundamentals of Accounting 2', '', '', 3, '', '2nd'),
(30, 'PE 4', 'Team Sports', '', '', 3, '', '2nd'),
(31, 'SPL 302', 'Survey of Programming Languages', '', '', 3, '', '2nd'),
(32, 'SQL 303', 'Structured Query Language', '', '', 3, '', '2nd'),
(33, 'ISP 321', 'Information System Planning', '', '', 3, '', '2nd'),
(34, 'MT 322', 'Management of Technology', '', '', 3, '', '2nd'),
(35, 'COM 323', 'E-commerce Strategy Architectural', '', '', 3, '', '2nd'),
(36, 'SAD 324', 'System Analysis and Design', '', '', 3, '', '2nd'),
(37, 'Law 1', 'Law on Obligation and Contracts', '', '', 3, '', '2nd');

-- --------------------------------------------------------

--
-- Table structure for table `teacher`
--

CREATE TABLE IF NOT EXISTS `teacher` (
  `teacher_id` int(11) NOT NULL AUTO_INCREMENT,
  `username` varchar(100) NOT NULL,
  `password` varchar(200) NOT NULL,
  `firstname` varchar(100) NOT NULL,
  `lastname` varchar(100) NOT NULL,
  `department_id` int(11) NOT NULL,
  `location` varchar(200) NOT NULL,
  `about` varchar(500) NOT NULL,
  `teacher_status` varchar(20) NOT NULL,
  `teacher_stat` varchar(100) NOT NULL,
  PRIMARY KEY (`teacher_id`)
) ENGINE=MyISAM  DEFAULT CHARSET=latin1 AUTO_INCREMENT=22 ;

--
-- Dumping data for table `teacher`
--

INSERT INTO `teacher` (`teacher_id`, `username`, `password`, `firstname`, `lastname`, `department_id`, `location`, `about`, `teacher_status`, `teacher_stat`) VALUES
(9, '1001', 'test', 'Chris ', 'Evans', 4, 'uploads/1065-IMG_2529.jpg', '', 'Registered', 'Deactivated'),
(5, '1002', 'teacher', 'Scarlett', 'Johansson', 4, 'uploads/3721911-scarlett-johansson_0113-1.jpg', '', '', 'Deactivated'),
(21, 'ashab', '123', 'Ashab', 'Mohammed', 4, 'uploads/photo.jpg', '', 'Registered', ''),
(13, 'jana', 'jana', 'Jana', 'KT', 4, 'uploads/10923457_10205545024126674_6441134651993177288_n.jpg', '', '', 'Deactivated'),
(12, 'shamri', 'shamri', 'Shamri', 'Afrudeen', 4, 'uploads/1465312_10152958487257489_8094739007929816423_n.jpg', '<p style="text-align: justify;">Dan Grossman has taught programming languages at the University of Washington since 2003. During his 10 years as a faculty member, his department&rsquo;s undergraduate students have elected him &ldquo;teacher of the year&rdquo; twice and awarded him second place once. His research, resulting in over 50 peer-reviewed publications, has covered the theory, design, and implementation of programming languages, as well as connections to computer architecture and softwar', '', 'Deactivated'),
(14, 'lahiru', 'lahiru', 'lahiru', 'Ratnayake', 4, 'uploads/333.jpg', '', '', 'Activated');

-- --------------------------------------------------------

--
-- Table structure for table `teacher_backpack`
--

CREATE TABLE IF NOT EXISTS `teacher_backpack` (
  `file_id` int(11) NOT NULL AUTO_INCREMENT,
  `floc` varchar(100) NOT NULL,
  `fdatein` varchar(100) NOT NULL,
  `fdesc` varchar(100) NOT NULL,
  `teacher_id` int(11) NOT NULL,
  `fname` varchar(100) NOT NULL,
  PRIMARY KEY (`file_id`)
) ENGINE=InnoDB DEFAULT CHARSET=latin1 AUTO_INCREMENT=1 ;

-- --------------------------------------------------------

--
-- Table structure for table `teacher_class`
--

CREATE TABLE IF NOT EXISTS `teacher_class` (
  `teacher_class_id` int(11) NOT NULL AUTO_INCREMENT,
  `teacher_id` int(11) NOT NULL,
  `class_id` int(11) NOT NULL,
  `subject_id` int(11) NOT NULL,
  `thumbnails` varchar(100) NOT NULL,
  `school_year` varchar(100) NOT NULL,
  PRIMARY KEY (`teacher_class_id`)
) ENGINE=InnoDB  DEFAULT CHARSET=latin1 AUTO_INCREMENT=191 ;

--
-- Dumping data for table `teacher_class`
--

INSERT INTO `teacher_class` (`teacher_class_id`, `teacher_id`, `class_id`, `subject_id`, `thumbnails`, `school_year`) VALUES
(97, 9, 7, 15, 'admin/uploads/thumbnails.jpg', '2012-2013'),
(135, 0, 22, 29, 'admin/uploads/thumbnails.jpg', '2013-2014'),
(151, 5, 7, 14, 'admin/uploads/thumbnails.jpg', '2013-2014'),
(152, 5, 8, 14, 'admin/uploads/thumbnails.jpg', '2013-2014'),
(153, 5, 13, 36, 'admin/uploads/thumbnails.jpg', '2013-2014'),
(157, 18, 15, 23, 'admin/uploads/thumbnails.jpg', '2013-2014'),
(158, 18, 16, 23, 'admin/uploads/thumbnails.jpg', '2013-2014'),
(159, 18, 12, 23, 'admin/uploads/thumbnails.jpg', '2013-2014'),
(160, 18, 7, 29, 'admin/uploads/thumbnails.jpg', '2013-2014'),
(165, 134, 15, 23, 'admin/uploads/thumbnails.jpg', '2013-2014'),
(167, 12, 13, 35, 'admin/uploads/thumbnails.jpg', '2013-2014'),
(168, 12, 14, 35, 'admin/uploads/thumbnails.jpg', '2013-2014'),
(170, 12, 16, 24, 'admin/uploads/thumbnails.jpg', '2013-2014'),
(172, 18, 13, 39, 'admin/uploads/thumbnails.jpg', '2013-2014'),
(173, 18, 14, 39, 'admin/uploads/thumbnails.jpg', '2013-2014'),
(174, 13, 12, 16, 'admin/uploads/thumbnails.jpg', '2013-2014'),
(175, 13, 13, 16, 'admin/uploads/thumbnails.jpg', '2013-2014'),
(176, 13, 14, 16, 'admin/uploads/thumbnails.jpg', '2013-2014'),
(177, 14, 12, 32, 'admin/uploads/thumbnails.jpg', '2013-2014'),
(178, 14, 13, 32, 'admin/uploads/thumbnails.jpg', '2013-2014'),
(179, 14, 14, 32, 'admin/uploads/thumbnails.jpg', '2013-2014'),
(180, 19, 13, 22, 'admin/uploads/thumbnails.jpg', '2013-2014'),
(181, 12, 20, 24, 'admin/uploads/thumbnails.jpg', '2013-2014'),
(183, 12, 18, 24, 'admin/uploads/thumbnails.jpg', '2013-2014'),
(184, 12, 17, 25, 'admin/uploads/thumbnails.jpg', '2013-2014'),
(185, 12, 7, 22, 'admin/uploads/thumbnails.jpg', '2013-2014'),
(186, 9, 25, 22, 'admin/uploads/thumbnails.jpg', '2014-2015'),
(187, 12, 28, 39, 'admin/uploads/thumbnails.jpg', '2014-2015'),
(188, 12, 28, 26, 'admin/uploads/thumbnails.jpg', '2014-2015'),
(189, 21, 8, 38, 'admin/uploads/thumbnails.jpg', '2014-2015'),
(190, 21, 25, 27, 'admin/uploads/thumbnails.jpg', '2014-2015');

-- --------------------------------------------------------

--
-- Table structure for table `teacher_class_announcements`
--

CREATE TABLE IF NOT EXISTS `teacher_class_announcements` (
  `teacher_class_announcements_id` int(11) NOT NULL AUTO_INCREMENT,
  `content` varchar(500) NOT NULL,
  `teacher_id` varchar(100) NOT NULL,
  `teacher_class_id` int(11) NOT NULL,
  `date` varchar(50) NOT NULL,
  PRIMARY KEY (`teacher_class_announcements_id`)
) ENGINE=InnoDB  DEFAULT CHARSET=latin1 AUTO_INCREMENT=42 ;

--
-- Dumping data for table `teacher_class_announcements`
--

INSERT INTO `teacher_class_announcements` (`teacher_class_announcements_id`, `content`, `teacher_id`, `teacher_class_id`, `date`) VALUES
(2, '<p><strong>Project Deadline</strong></p>\r\n\r\n<p>In December 1st week&nbsp; system must fully functioning.</p>\r\n\r\n<p><br />\r\n&nbsp;</p>\r\n', '9', 87, '2013-10-30 13:21:13'),
(21, '<p>fsaf</p>\r\n', '9', 87, '2013-10-30 14:33:21'),
(31, '<p>Hi im kevin i edit this</p>\r\n', '9', 87, '2013-10-30 15:41:56'),
(33, '<p>hello teph</p>\r\n', '9', 95, '2013-10-30 17:44:28'),
(34, '<p>hello guys</p>\r\n', '9', 95, '2013-11-02 10:51:39'),
(35, '<p>dsdasd</p>\r\n', '12', 147, '2013-11-16 13:59:33'),
(36, '<p>BSIS 1A: Submit assignment on November 20, 2013 before 5pm.</p>\r\n', '12', 154, '2013-11-18 15:29:34'),
(37, '<p>aaaaa<br />\r\n&nbsp;</p>\r\n', '12', 167, '2014-01-17 14:36:32'),
(38, '<p>wala klase<img alt="sad" src="http://localhost/lms/admin/vendors/ckeditor/plugins/smiley/images/sad_smile.gif" style="height:20px; width:20px" title="sad" /></p>\r\n', '12', 167, '2014-02-13 13:45:59'),
(39, '<p>DGFDFGDFG</p>\r\n', '21', 190, '2015-05-25 21:03:15'),
(40, '<p>This Sunday Will be tha Exam</p>\r\n\r\n<p>&nbsp;</p>\r\n', '21', 189, '2015-09-13 16:36:28'),
(41, '<p>exam canceled</p>\r\n', '21', 189, '2015-09-13 16:37:18');

-- --------------------------------------------------------

--
-- Table structure for table `teacher_class_student`
--

CREATE TABLE IF NOT EXISTS `teacher_class_student` (
  `teacher_class_student_id` int(11) NOT NULL AUTO_INCREMENT,
  `teacher_class_id` int(11) NOT NULL,
  `student_id` int(11) NOT NULL,
  `teacher_id` int(11) NOT NULL,
  PRIMARY KEY (`teacher_class_student_id`)
) ENGINE=InnoDB  DEFAULT CHARSET=latin1 AUTO_INCREMENT=398 ;

--
-- Dumping data for table `teacher_class_student`
--

INSERT INTO `teacher_class_student` (`teacher_class_student_id`, `teacher_class_id`, `student_id`, `teacher_id`) VALUES
(31, 165, 141, 134),
(32, 165, 134, 134),
(54, 167, 113, 12),
(55, 167, 112, 12),
(57, 167, 108, 12),
(58, 167, 105, 12),
(59, 167, 106, 12),
(60, 167, 103, 12),
(61, 167, 104, 12),
(62, 167, 100, 12),
(63, 167, 101, 12),
(64, 167, 102, 12),
(65, 167, 97, 12),
(66, 167, 98, 12),
(67, 167, 95, 12),
(68, 167, 94, 12),
(69, 167, 76, 12),
(70, 167, 107, 12),
(71, 167, 110, 12),
(72, 167, 109, 12),
(73, 167, 99, 12),
(74, 167, 96, 12),
(75, 167, 75, 12),
(76, 167, 74, 12),
(77, 167, 73, 12),
(78, 167, 72, 12),
(79, 167, 71, 12),
(80, 168, 135, 12),
(81, 168, 140, 12),
(82, 168, 162, 12),
(83, 168, 164, 12),
(84, 168, 165, 12),
(85, 168, 166, 12),
(86, 168, 167, 12),
(87, 168, 168, 12),
(88, 168, 169, 12),
(89, 168, 172, 12),
(90, 168, 171, 12),
(91, 168, 173, 12),
(92, 168, 174, 12),
(93, 168, 175, 12),
(94, 168, 176, 12),
(95, 168, 177, 12),
(96, 168, 178, 12),
(97, 168, 179, 12),
(98, 168, 180, 12),
(99, 168, 181, 12),
(100, 168, 182, 12),
(101, 168, 183, 12),
(102, 168, 206, 12),
(103, 168, 207, 12),
(127, 172, 113, 18),
(128, 172, 112, 18),
(129, 172, 111, 18),
(130, 172, 108, 18),
(131, 172, 105, 18),
(132, 172, 106, 18),
(133, 172, 103, 18),
(134, 172, 104, 18),
(135, 172, 100, 18),
(136, 172, 101, 18),
(137, 172, 102, 18),
(138, 172, 97, 18),
(139, 172, 98, 18),
(140, 172, 95, 18),
(141, 172, 94, 18),
(142, 172, 76, 18),
(143, 172, 107, 18),
(144, 172, 110, 18),
(145, 172, 109, 18),
(146, 172, 99, 18),
(147, 172, 96, 18),
(148, 172, 75, 18),
(149, 172, 74, 18),
(150, 172, 73, 18),
(151, 172, 72, 18),
(152, 172, 71, 18),
(153, 173, 135, 18),
(154, 173, 140, 18),
(155, 173, 162, 18),
(156, 173, 164, 18),
(157, 173, 165, 18),
(158, 173, 166, 18),
(159, 173, 167, 18),
(160, 173, 168, 18),
(161, 173, 169, 18),
(162, 173, 172, 18),
(163, 173, 171, 18),
(164, 173, 173, 18),
(165, 173, 174, 18),
(166, 173, 175, 18),
(167, 173, 176, 18),
(168, 173, 177, 18),
(169, 173, 178, 18),
(170, 173, 179, 18),
(171, 173, 180, 18),
(172, 173, 181, 18),
(173, 173, 182, 18),
(174, 173, 183, 18),
(175, 173, 206, 18),
(176, 173, 207, 18),
(177, 174, 134, 13),
(178, 174, 142, 13),
(179, 174, 143, 13),
(180, 174, 144, 13),
(181, 174, 145, 13),
(182, 174, 146, 13),
(183, 174, 147, 13),
(184, 174, 148, 13),
(185, 174, 149, 13),
(186, 174, 150, 13),
(187, 174, 151, 13),
(188, 174, 152, 13),
(189, 174, 153, 13),
(190, 174, 154, 13),
(191, 174, 155, 13),
(192, 174, 156, 13),
(193, 174, 157, 13),
(194, 174, 158, 13),
(195, 174, 159, 13),
(196, 175, 113, 13),
(197, 175, 112, 13),
(198, 175, 111, 13),
(199, 175, 108, 13),
(200, 175, 105, 13),
(201, 175, 106, 13),
(202, 175, 103, 13),
(203, 175, 104, 13),
(204, 175, 100, 13),
(205, 175, 101, 13),
(206, 175, 102, 13),
(207, 175, 97, 13),
(208, 175, 98, 13),
(209, 175, 95, 13),
(210, 175, 94, 13),
(211, 175, 76, 13),
(212, 175, 107, 13),
(213, 175, 110, 13),
(214, 175, 109, 13),
(215, 175, 99, 13),
(216, 175, 96, 13),
(217, 175, 75, 13),
(218, 175, 74, 13),
(219, 175, 73, 13),
(220, 175, 72, 13),
(221, 175, 71, 13),
(222, 176, 135, 13),
(223, 176, 140, 13),
(224, 176, 162, 13),
(225, 176, 164, 13),
(226, 176, 165, 13),
(227, 176, 166, 13),
(228, 176, 167, 13),
(229, 176, 168, 13),
(230, 176, 169, 13),
(231, 176, 172, 13),
(232, 176, 171, 13),
(233, 176, 173, 13),
(234, 176, 174, 13),
(235, 176, 175, 13),
(236, 176, 176, 13),
(237, 176, 177, 13),
(238, 176, 178, 13),
(239, 176, 179, 13),
(240, 176, 180, 13),
(241, 176, 181, 13),
(242, 176, 182, 13),
(243, 176, 183, 13),
(244, 176, 206, 13),
(245, 176, 207, 13),
(246, 177, 134, 14),
(247, 177, 142, 14),
(248, 177, 143, 14),
(249, 177, 144, 14),
(250, 177, 145, 14),
(251, 177, 146, 14),
(252, 177, 147, 14),
(253, 177, 148, 14),
(254, 177, 149, 14),
(255, 177, 150, 14),
(256, 177, 151, 14),
(257, 177, 152, 14),
(258, 177, 153, 14),
(259, 177, 154, 14),
(260, 177, 155, 14),
(261, 177, 156, 14),
(262, 177, 157, 14),
(263, 177, 158, 14),
(264, 177, 159, 14),
(265, 178, 113, 14),
(266, 178, 112, 14),
(267, 178, 111, 14),
(268, 178, 108, 14),
(269, 178, 105, 14),
(270, 178, 106, 14),
(271, 178, 103, 14),
(272, 178, 104, 14),
(273, 178, 100, 14),
(274, 178, 101, 14),
(275, 178, 102, 14),
(276, 178, 97, 14),
(277, 178, 98, 14),
(278, 178, 95, 14),
(279, 178, 94, 14),
(280, 178, 76, 14),
(281, 178, 107, 14),
(282, 178, 110, 14),
(283, 178, 109, 14),
(284, 178, 99, 14),
(285, 178, 96, 14),
(286, 178, 75, 14),
(287, 178, 74, 14),
(288, 178, 73, 14),
(289, 178, 72, 14),
(290, 178, 71, 14),
(291, 179, 135, 14),
(292, 179, 140, 14),
(293, 179, 162, 14),
(294, 179, 164, 14),
(295, 179, 165, 14),
(296, 179, 166, 14),
(297, 179, 167, 14),
(298, 179, 168, 14),
(299, 179, 169, 14),
(300, 179, 172, 14),
(301, 179, 171, 14),
(302, 179, 173, 14),
(303, 179, 174, 14),
(304, 179, 175, 14),
(305, 179, 176, 14),
(306, 179, 177, 14),
(307, 179, 178, 14),
(308, 179, 179, 14),
(309, 179, 180, 14),
(310, 179, 181, 14),
(311, 179, 182, 14),
(312, 179, 183, 14),
(313, 179, 206, 14),
(314, 179, 207, 14),
(315, 180, 113, 19),
(316, 180, 112, 19),
(317, 180, 111, 19),
(318, 180, 108, 19),
(319, 180, 105, 19),
(320, 180, 106, 19),
(321, 180, 103, 19),
(322, 180, 104, 19),
(323, 180, 100, 19),
(324, 180, 101, 19),
(325, 180, 102, 19),
(326, 180, 97, 19),
(327, 180, 98, 19),
(328, 180, 95, 19),
(329, 180, 94, 19),
(330, 180, 76, 19),
(331, 180, 107, 19),
(332, 180, 110, 19),
(333, 180, 109, 19),
(334, 180, 99, 19),
(335, 180, 96, 19),
(336, 180, 75, 19),
(337, 180, 74, 19),
(338, 180, 73, 19),
(339, 180, 72, 19),
(340, 180, 71, 19),
(341, 181, 209, 12),
(342, 181, 210, 12),
(345, 183, 213, 12),
(346, 183, 214, 12),
(347, 183, 215, 12),
(348, 183, 216, 12),
(349, 184, 184, 12),
(350, 184, 185, 12),
(351, 184, 186, 12),
(352, 184, 187, 12),
(353, 184, 188, 12),
(354, 184, 189, 12),
(355, 184, 190, 12),
(358, 184, 193, 12),
(362, 184, 197, 12),
(363, 184, 198, 12),
(364, 184, 199, 12),
(365, 184, 200, 12),
(366, 184, 201, 12),
(367, 184, 202, 12),
(368, 184, 203, 12),
(369, 184, 204, 12),
(370, 184, 205, 12),
(371, 184, 217, 12),
(372, 184, 192, 12),
(373, 185, 93, 12),
(374, 185, 136, 12),
(375, 185, 138, 12),
(376, 185, 139, 12),
(377, 185, 211, 12),
(378, 186, 113, 9),
(379, 186, 108, 9),
(380, 186, 112, 9),
(381, 186, 111, 9),
(382, 187, 113, 12),
(383, 187, 112, 12),
(384, 187, 111, 12),
(385, 187, 108, 12),
(386, 187, 100, 12),
(387, 188, 106, 12),
(388, 188, 103, 12),
(389, 188, 104, 12),
(390, 188, 100, 12),
(391, 189, 221, 21),
(392, 189, 219, 21),
(393, 189, 113, 21),
(394, 189, 111, 21),
(395, 190, 112, 21),
(396, 190, 108, 21),
(397, 190, 104, 21);

-- --------------------------------------------------------

--
-- Table structure for table `teacher_notification`
--

CREATE TABLE IF NOT EXISTS `teacher_notification` (
  `teacher_notification_id` int(11) NOT NULL AUTO_INCREMENT,
  `teacher_class_id` int(11) NOT NULL,
  `notification` varchar(100) NOT NULL,
  `date_of_notification` varchar(100) NOT NULL,
  `link` varchar(100) NOT NULL,
  `student_id` int(11) NOT NULL,
  `assignment_id` int(11) NOT NULL,
  PRIMARY KEY (`teacher_notification_id`)
) ENGINE=InnoDB  DEFAULT CHARSET=latin1 AUTO_INCREMENT=20 ;

--
-- Dumping data for table `teacher_notification`
--

INSERT INTO `teacher_notification` (`teacher_notification_id`, `teacher_class_id`, `notification`, `date_of_notification`, `link`, `student_id`, `assignment_id`) VALUES
(15, 160, 'Submit Assignment file name <b>my_assginment</b>', '2013-11-25 10:39:52', 'view_submit_assignment.php', 93, 16),
(17, 161, 'Submit Assignment file name <b>q</b>', '2013-11-25 15:54:19', 'view_submit_assignment.php', 71, 17),
(18, 186, 'Add Downloadable Materials file name <b>itmax</b>', '2015-01-21 21:34:45', 'downloadable.php', 113, 0),
(19, 189, 'Add Downloadable Materials file name <b>assignment</b>', '2015-05-24 23:30:08', 'downloadable.php', 221, 0);

-- --------------------------------------------------------

--
-- Table structure for table `teacher_shared`
--

CREATE TABLE IF NOT EXISTS `teacher_shared` (
  `teacher_shared_id` int(11) NOT NULL AUTO_INCREMENT,
  `teacher_id` int(11) NOT NULL,
  `shared_teacher_id` int(11) NOT NULL,
  `floc` varchar(100) NOT NULL,
  `fdatein` varchar(100) NOT NULL,
  `fdesc` varchar(100) NOT NULL,
  `fname` varchar(100) NOT NULL,
  PRIMARY KEY (`teacher_shared_id`)
) ENGINE=InnoDB  DEFAULT CHARSET=latin1 AUTO_INCREMENT=2 ;

--
-- Dumping data for table `teacher_shared`
--

INSERT INTO `teacher_shared` (`teacher_shared_id`, `teacher_id`, `shared_teacher_id`, `floc`, `fdatein`, `fdesc`, `fname`) VALUES
(1, 12, 14, 'admin/uploads/7939_File_449E26DB.jpg', '2014-02-20 09:55:32', 'sas', 'sss');

-- --------------------------------------------------------

--
-- Table structure for table `users`
--

CREATE TABLE IF NOT EXISTS `users` (
  `user_id` int(11) NOT NULL AUTO_INCREMENT,
  `username` varchar(100) NOT NULL,
  `password` varchar(100) NOT NULL,
  `firstname` varchar(100) NOT NULL,
  `lastname` varchar(100) NOT NULL,
  PRIMARY KEY (`user_id`)
) ENGINE=InnoDB  DEFAULT CHARSET=latin1 AUTO_INCREMENT=17 ;

--
-- Dumping data for table `users`
--

INSERT INTO `users` (`user_id`, `username`, `password`, `firstname`, `lastname`) VALUES
(15, 'admin', 'admin', 'admin', 'admin'),
(16, 'mffazlan', '123', 'Fazlan', 'Mohammed');

-- --------------------------------------------------------

--
-- Table structure for table `user_log`
--

CREATE TABLE IF NOT EXISTS `user_log` (
  `user_log_id` int(11) NOT NULL AUTO_INCREMENT,
  `username` varchar(25) NOT NULL,
  `login_date` varchar(30) NOT NULL,
  `logout_date` varchar(30) NOT NULL,
  `user_id` int(11) NOT NULL,
  PRIMARY KEY (`user_log_id`)
) ENGINE=InnoDB  DEFAULT CHARSET=latin1 AUTO_INCREMENT=121 ;

--
-- Dumping data for table `user_log`
--

INSERT INTO `user_log` (`user_log_id`, `username`, `login_date`, `logout_date`, `user_id`) VALUES
(1, 'admin', '2013-11-01 11:57:33', '2013-11-18 10:33:54', 10),
(2, 'admin', '2013-11-05 09:52:09', '2013-11-18 10:33:54', 10),
(3, 'admin', '2013-11-08 10:41:09', '2013-11-18 10:33:54', 10),
(4, 'admin', '2013-11-12 22:53:05', '2013-11-18 10:33:54', 10),
(5, 'admin', '2013-11-13 07:07:04', '2013-11-18 10:33:54', 10),
(6, 'admin', '2013-11-13 13:07:58', '2013-11-18 10:33:54', 10),
(7, 'admin', '2013-11-13 13:30:45', '2013-11-18 10:33:54', 10),
(8, 'admin', '2013-11-13 15:25:20', '2013-11-18 10:33:54', 10),
(9, 'admin', '2013-11-13 15:46:28', '2013-11-18 10:33:54', 10),
(10, 'admin', '2013-11-13 16:04:10', '2013-11-18 10:33:54', 10),
(11, 'admin', '2013-11-13 17:31:37', '2013-11-18 10:33:54', 10),
(12, 'admin', '2013-11-13 22:47:45', '2013-11-18 10:33:54', 10),
(13, 'admin', '2013-11-14 10:27:06', '2013-11-18 10:33:54', 10),
(14, 'admin', '2013-11-14 10:27:55', '2013-11-18 10:33:54', 10),
(15, 'admin', '2013-11-14 10:38:08', '2013-11-18 10:33:54', 10),
(16, 'admin', '2013-11-14 10:38:09', '2013-11-18 10:33:54', 10),
(17, 'admin', '2013-11-14 10:41:06', '2013-11-18 10:33:54', 10),
(18, 'admin', '2013-11-14 11:44:08', '2013-11-18 10:33:54', 10),
(19, 'admin', '2013-11-14 21:53:56', '2013-11-18 10:33:54', 10),
(20, 'admin', '2013-11-14 22:03:53', '2013-11-18 10:33:54', 10),
(21, 'admin', '2013-11-16 13:40:56', '2013-11-18 10:33:54', 10),
(22, 'admin', '2013-11-18 10:22:07', '2013-11-18 10:33:54', 10),
(23, 'jkev', '2013-11-18 10:33:59', '2014-02-13 11:19:36', 14),
(24, 'jkev', '2013-11-18 15:20:45', '2014-02-13 11:19:36', 14),
(25, 'jkev', '2013-11-18 15:42:04', '2014-02-13 11:19:36', 14),
(26, 'jkev', '2013-11-18 16:30:14', '2014-02-13 11:19:36', 14),
(27, 'jkev', '2013-11-18 16:36:44', '2014-02-13 11:19:36', 14),
(28, 'jkev', '2013-11-18 17:39:55', '2014-02-13 11:19:36', 14),
(29, 'jkev', '2013-11-18 20:06:49', '2014-02-13 11:19:36', 14),
(30, 'jkev', '2013-11-23 08:04:27', '2014-02-13 11:19:36', 14),
(31, 'teph', '2013-11-23 12:02:27', '2013-11-30 21:33:02', 13),
(32, 'teph', '2013-11-24 08:55:55', '2013-11-30 21:33:02', 13),
(33, 'jkev', '2013-11-25 10:32:16', '2014-02-13 11:19:36', 14),
(34, 'jkev', '2013-11-25 14:33:05', '2014-02-13 11:19:36', 14),
(35, 'jkev', '2013-11-25 15:02:47', '2014-02-13 11:19:36', 14),
(36, 'jkev', '2013-11-25 21:08:19', '2014-02-13 11:19:36', 14),
(37, 'jkev', '2013-11-25 23:49:58', '2014-02-13 11:19:36', 14),
(38, 'jkev', '2013-11-26 00:32:22', '2014-02-13 11:19:36', 14),
(39, 'jkev', '2013-11-26 10:39:52', '2014-02-13 11:19:36', 14),
(40, 'jkev', '2013-11-26 21:48:05', '2014-02-13 11:19:36', 14),
(41, 'jkev', '2013-11-28 23:00:00', '2014-02-13 11:19:36', 14),
(42, 'jkev', '2013-11-28 23:00:06', '2014-02-13 11:19:36', 14),
(43, 'jkev', '2013-11-30 21:28:54', '2014-02-13 11:19:36', 14),
(44, 'teph', '2013-11-30 21:32:54', '2013-11-30 21:33:02', 13),
(45, 'jkev', '2013-12-04 12:45:09', '2014-02-13 11:19:36', 14),
(46, 'teph', '2013-12-04 14:02:19', '', 13),
(47, 'jkev', '2013-12-11 11:56:15', '2014-02-13 11:19:36', 14),
(48, 'jkev', '2013-12-11 12:04:44', '2014-02-13 11:19:36', 14),
(49, 'jkev', '2013-12-12 09:44:34', '2014-02-13 11:19:36', 14),
(50, 'jkev', '2013-12-13 01:48:23', '2014-02-13 11:19:36', 14),
(51, 'jkev', '2013-12-27 09:13:20', '2014-02-13 11:19:36', 14),
(52, 'jkev', '2013-12-27 10:18:38', '2014-02-13 11:19:36', 14),
(53, 'jkev', '2013-12-27 10:35:43', '2014-02-13 11:19:36', 14),
(54, 'jkev', '2013-12-27 11:08:54', '2014-02-13 11:19:36', 14),
(55, 'jkev', '2013-12-27 11:20:25', '2014-02-13 11:19:36', 14),
(56, 'jkev', '2013-12-27 11:41:58', '2014-02-13 11:19:36', 14),
(57, 'jkev', '2013-12-27 11:43:10', '2014-02-13 11:19:36', 14),
(58, 'jkev', '2013-12-27 14:54:57', '2014-02-13 11:19:36', 14),
(59, 'jkev', '2014-01-12 20:08:26', '2014-02-13 11:19:36', 14),
(60, 'jkev', '2014-01-13 15:24:07', '2014-02-13 11:19:36', 14),
(61, 'jkev', '2014-01-13 18:46:08', '2014-02-13 11:19:36', 14),
(62, 'jkev', '2014-01-15 20:40:15', '2014-02-13 11:19:36', 14),
(63, 'jkev', '2014-01-16 14:42:02', '2014-02-13 11:19:36', 14),
(64, 'jkev', '2014-01-17 09:16:17', '2014-02-13 11:19:36', 14),
(65, 'jkev', '2014-01-17 13:25:51', '2014-02-13 11:19:36', 14),
(66, 'admin', '2014-01-17 14:41:30', '2015-11-23 22:26:12', 15),
(67, 'admin', '2014-01-17 15:56:32', '2015-11-23 22:26:12', 15),
(68, 'admin', '2014-01-26 17:45:31', '2015-11-23 22:26:12', 15),
(69, 'admin', '2014-02-13 10:45:17', '2015-11-23 22:26:12', 15),
(70, 'admin', '2014-02-13 11:05:27', '2015-11-23 22:26:12', 15),
(71, 'jkev', '2014-02-13 11:16:48', '2014-02-13 11:19:36', 14),
(72, 'admin', '2014-02-13 11:55:36', '2015-11-23 22:26:12', 15),
(73, 'admin', '2014-02-13 12:32:38', '2015-11-23 22:26:12', 15),
(74, 'admin', '2014-02-13 12:52:05', '2015-11-23 22:26:12', 15),
(75, 'admin', '2014-02-13 13:04:35', '2015-11-23 22:26:12', 15),
(76, 'jkev', '2014-02-13 14:35:27', '', 14),
(77, 'admin', '2014-02-20 09:40:39', '2015-11-23 22:26:12', 15),
(78, 'admin', '2014-02-20 09:42:21', '2015-11-23 22:26:12', 15),
(79, 'admin', '2014-02-27 22:40:15', '2015-11-23 22:26:12', 15),
(80, 'admin', '2014-02-28 13:12:52', '2015-11-23 22:26:12', 15),
(81, 'admin', '2014-04-02 17:27:47', '2015-11-23 22:26:12', 15),
(82, 'admin', '2014-04-03 15:29:38', '2015-11-23 22:26:12', 15),
(83, 'admin', '2014-06-15 12:31:51', '2015-11-23 22:26:12', 15),
(84, 'admin', '2015-01-22 19:40:05', '2015-11-23 22:26:12', 15),
(85, 'admin', '2015-01-22 23:49:16', '2015-11-23 22:26:12', 15),
(86, 'admin', '2015-01-22 23:58:03', '2015-11-23 22:26:12', 15),
(87, 'teph', '2015-01-23 00:03:42', '', 13),
(88, 'admin', '2015-01-23 16:48:39', '2015-11-23 22:26:12', 15),
(89, 'admin', '2015-01-29 20:39:54', '2015-11-23 22:26:12', 15),
(90, 'admin', '2015-02-22 06:26:36', '2015-11-23 22:26:12', 15),
(91, 'admin', '2015-04-15 06:52:58', '2015-11-23 22:26:12', 15),
(92, 'admin', '2015-05-03 08:04:10', '2015-11-23 22:26:12', 15),
(93, 'admin', '2015-05-12 21:19:08', '2015-11-23 22:26:12', 15),
(94, 'mffazlan', '2015-05-24 22:20:18', '', 16),
(95, 'admin', '2015-05-24 22:28:51', '2015-11-23 22:26:12', 15),
(96, 'mffazlan', '2015-05-25 20:57:53', '', 16),
(97, 'admin', '2015-07-01 05:05:30', '2015-11-23 22:26:12', 15),
(98, 'admin', '2015-07-04 14:19:57', '2015-11-23 22:26:12', 15),
(99, 'admin', '2015-07-11 05:12:12', '2015-11-23 22:26:12', 15),
(100, 'admin', '2015-07-11 13:14:34', '2015-11-23 22:26:12', 15),
(101, 'admin', '2015-07-11 13:33:40', '2015-11-23 22:26:12', 15),
(102, 'admin', '2015-08-20 23:35:05', '2015-11-23 22:26:12', 15),
(103, 'Admin', '2015-08-20 23:37:29', '2015-11-23 22:26:12', 15),
(104, 'admin', '2015-09-13 01:28:58', '2015-11-23 22:26:12', 15),
(105, 'admin', '2015-09-13 01:32:42', '2015-11-23 22:26:12', 15),
(106, 'admin', '2015-09-13 01:39:11', '2015-11-23 22:26:12', 15),
(107, 'admin', '2015-09-13 22:59:05', '2015-11-23 22:26:12', 15),
(108, 'admin', '2015-09-14 21:51:38', '2015-11-23 22:26:12', 15),
(109, 'admin', '2015-09-15 05:14:02', '2015-11-23 22:26:12', 15),
(110, 'admin', '2015-09-15 07:33:40', '2015-11-23 22:26:12', 15),
(111, 'admin', '2015-09-15 08:00:23', '2015-11-23 22:26:12', 15),
(112, 'admin', '2015-09-15 08:59:39', '2015-11-23 22:26:12', 15),
(113, 'admin', '2015-10-24 12:31:14', '2015-11-23 22:26:12', 15),
(114, 'admin', '2015-10-29 08:06:25', '2015-11-23 22:26:12', 15),
(115, 'admin', '2015-11-18 09:14:05', '2015-11-23 22:26:12', 15),
(116, 'mffazlan', '2015-11-18 09:45:33', '', 16),
(117, 'mffazlan', '2015-11-19 12:52:33', '', 16),
(118, 'admin', '2015-11-23 20:31:47', '2015-11-23 22:26:12', 15),
(119, 'admin', '2015-11-24 21:22:47', '', 15),
(120, 'admin', '2015-11-24 22:02:45', '', 15);

/*!40101 SET CHARACTER_SET_CLIENT=@OLD_CHARACTER_SET_CLIENT */;
/*!40101 SET CHARACTER_SET_RESULTS=@OLD_CHARACTER_SET_RESULTS */;
/*!40101 SET COLLATION_CONNECTION=@OLD_COLLATION_CONNECTION */;
